# Blender 4.0.2
# www.blender.org
o tool_yaw_link_Shape_IndexedFaceSet.015
v -0.000514 -0.000000 -0.002609
v -0.000514 -0.000012 -0.002609
v -0.000512 -0.000031 -0.002609
v -0.000512 0.000044 -0.002609
v -0.000510 -0.000065 -0.002609
v -0.000502 -0.000105 -0.002609
v -0.000500 0.000118 -0.002609
v -0.000500 -0.000119 -0.002609
v -0.000484 -0.000172 -0.002609
v -0.000482 -0.000177 -0.002609
v -0.000478 0.000190 -0.002609
v -0.000463 -0.000223 -0.002609
v -0.000451 -0.000245 -0.002609
v -0.000445 0.000257 -0.002609
v -0.000436 -0.000271 -0.002609
v -0.000410 -0.000309 -0.002609
v -0.000405 -0.000316 -0.002609
v -0.000403 0.000319 -0.002609
v -0.000368 -0.000358 -0.002609
v -0.000361 -0.000365 -0.002609
v -0.000352 0.000374 -0.002609
v -0.000328 -0.000396 -0.002609
v -0.000304 -0.000414 -0.002609
v -0.000294 0.000422 -0.002609
v -0.000283 -0.000429 -0.002609
v -0.000241 -0.000454 -0.002609
v -0.000236 -0.000457 -0.002609
v -0.000229 0.000460 -0.002609
v -0.000185 -0.000479 -0.002609
v -0.000172 -0.000484 -0.002609
v -0.000160 0.000488 -0.002609
v -0.000132 -0.000497 -0.002609
v -0.000100 -0.000503 -0.002609
v -0.000087 0.000506 -0.002609
v -0.000079 -0.000508 -0.002609
v -0.000024 -0.000513 -0.002609
v -0.000012 0.000514 -0.002609
v 0.000032 -0.000513 -0.002609
v 0.000050 -0.000511 -0.002609
v 0.000063 0.000510 -0.002609
v 0.000087 -0.000507 -0.002609
v 0.000123 -0.000498 -0.002609
v 0.000136 0.000495 -0.002609
v 0.000140 -0.000494 -0.002609
v 0.000193 -0.000476 -0.002609
v 0.000195 -0.000475 -0.002609
v 0.000207 0.000470 -0.002609
v 0.000243 -0.000453 -0.002609
v 0.000262 -0.000441 -0.002609
v 0.000273 0.000435 -0.002609
v 0.000290 -0.000424 -0.002609
v 0.000323 -0.000399 -0.002609
v 0.000334 0.000391 -0.002609
v 0.000334 -0.000391 -0.002609
v 0.000374 -0.000352 -0.002609
v 0.000378 -0.000348 -0.002609
v 0.000387 0.000338 -0.002609
v 0.000410 -0.000310 -0.002609
v 0.000424 -0.000289 -0.002609
v 0.000432 0.000278 -0.002609
v 0.000441 -0.000265 -0.002609
v 0.000462 -0.000224 -0.002609
v 0.000466 -0.000216 -0.002609
v 0.000468 0.000212 -0.002609
v 0.000487 -0.000164 -0.002609
v 0.000490 -0.000154 -0.002609
v 0.000494 0.000142 -0.002609
v 0.000502 -0.000111 -0.002609
v 0.000507 -0.000081 -0.002609
v 0.000509 0.000068 -0.002609
v 0.000511 -0.000056 -0.002609
v 0.000513 -0.000007 -0.002609
v 0.000514 -0.000000 -0.002609
v -0.000522 -0.000032 -0.002609
v -0.000521 0.000045 -0.002609
v -0.000512 -0.000107 -0.002609
v -0.000509 0.000120 -0.002609
v -0.000491 -0.000181 -0.002609
v -0.000486 0.000193 -0.002609
v -0.000460 -0.000250 -0.002609
v -0.000453 0.000262 -0.002609
v -0.000418 -0.000315 -0.002609
v -0.000410 0.000325 -0.002609
v -0.000368 -0.000372 -0.002609
v -0.000358 0.000381 -0.002609
v -0.000310 -0.000422 -0.002609
v -0.000299 0.000430 -0.002609
v -0.000245 -0.000462 -0.002609
v -0.000233 0.000469 -0.002609
v -0.000175 -0.000493 -0.002609
v -0.000163 0.000497 -0.002609
v -0.000102 -0.000513 -0.002609
v -0.000088 0.000516 -0.002609
v -0.000026 -0.000523 -0.002609
v -0.000012 0.000523 -0.002609
v 0.000051 -0.000521 -0.002609
v 0.000064 0.000520 -0.002609
v 0.000126 -0.000508 -0.002609
v 0.000139 0.000505 -0.002609
v 0.000199 -0.000484 -0.002609
v 0.000211 0.000479 -0.002609
v 0.000267 -0.000450 -0.002609
v 0.000278 0.000443 -0.002609
v 0.000330 -0.000407 -0.002609
v 0.000340 0.000398 -0.002609
v 0.000385 -0.000354 -0.002609
v 0.000394 0.000344 -0.002609
v 0.000433 -0.000294 -0.002609
v 0.000440 0.000283 -0.002609
v 0.000471 -0.000228 -0.002609
v 0.000477 0.000216 -0.002609
v 0.000499 -0.000157 -0.002609
v 0.000503 0.000144 -0.002609
v 0.000517 -0.000083 -0.002609
v 0.000519 0.000070 -0.002609
v 0.000523 -0.000007 -0.002609
v -0.000546 -0.000033 -0.002603
v -0.000545 0.000047 -0.002603
v -0.000536 -0.000112 -0.002603
v -0.000533 0.000126 -0.002603
v -0.000514 -0.000189 -0.002603
v -0.000509 0.000202 -0.002603
v -0.000481 -0.000262 -0.002603
v -0.000474 0.000274 -0.002603
v -0.000438 -0.000329 -0.002603
v -0.000429 0.000340 -0.002603
v -0.000385 -0.000389 -0.002603
v -0.000375 0.000399 -0.002603
v -0.000324 -0.000441 -0.002603
v -0.000313 0.000449 -0.002603
v -0.000256 -0.000484 -0.002603
v -0.000244 0.000490 -0.002603
v -0.000183 -0.000516 -0.002603
v -0.000170 0.000520 -0.002603
v -0.000106 -0.000537 -0.002603
v -0.000093 0.000540 -0.002603
v -0.000027 -0.000547 -0.002603
v -0.000013 0.000547 -0.002603
v 0.000053 -0.000545 -0.002603
v 0.000067 0.000543 -0.002603
v 0.000132 -0.000531 -0.002603
v 0.000145 0.000528 -0.002603
v 0.000208 -0.000507 -0.002603
v 0.000221 0.000501 -0.002603
v 0.000279 -0.000471 -0.002603
v 0.000291 0.000464 -0.002603
v 0.000345 -0.000425 -0.002603
v 0.000356 0.000416 -0.002603
v 0.000403 -0.000370 -0.002603
v 0.000412 0.000360 -0.002603
v 0.000453 -0.000308 -0.002603
v 0.000460 0.000296 -0.002603
v 0.000493 -0.000239 -0.002603
v 0.000499 0.000226 -0.002603
v 0.000522 -0.000164 -0.002603
v 0.000526 0.000151 -0.002603
v 0.000541 -0.000087 -0.002603
v 0.000543 0.000073 -0.002603
v 0.000547 -0.000007 -0.002603
v -0.000568 -0.000034 -0.002592
v -0.000567 0.000049 -0.002592
v -0.000557 -0.000117 -0.002592
v -0.000554 0.000131 -0.002592
v -0.000534 -0.000197 -0.002592
v -0.000529 0.000210 -0.002592
v -0.000500 -0.000272 -0.002592
v -0.000493 0.000285 -0.002592
v -0.000455 -0.000342 -0.002592
v -0.000446 0.000354 -0.002592
v -0.000400 -0.000405 -0.002592
v -0.000390 0.000415 -0.002592
v -0.000337 -0.000459 -0.002592
v -0.000325 0.000467 -0.002592
v -0.000267 -0.000503 -0.002592
v -0.000254 0.000510 -0.002592
v -0.000191 -0.000537 -0.002592
v -0.000177 0.000541 -0.002592
v -0.000111 -0.000559 -0.002592
v -0.000096 0.000561 -0.002592
v -0.000028 -0.000569 -0.002592
v -0.000014 0.000569 -0.002592
v 0.000055 -0.000567 -0.002592
v 0.000069 0.000565 -0.002592
v 0.000137 -0.000553 -0.002592
v 0.000151 0.000549 -0.002592
v 0.000216 -0.000527 -0.002592
v 0.000229 0.000521 -0.002592
v 0.000290 -0.000490 -0.002592
v 0.000303 0.000482 -0.002592
v 0.000359 -0.000442 -0.002592
v 0.000370 0.000433 -0.002592
v 0.000419 -0.000385 -0.002592
v 0.000429 0.000375 -0.002592
v 0.000471 -0.000320 -0.002592
v 0.000479 0.000308 -0.002592
v 0.000512 -0.000248 -0.002592
v 0.000519 0.000235 -0.002592
v 0.000543 -0.000171 -0.002592
v 0.000547 0.000157 -0.002592
v 0.000562 -0.000090 -0.002592
v 0.000564 0.000076 -0.002592
v 0.000569 -0.000007 -0.002592
v -0.000587 -0.000035 -0.002577
v -0.000586 0.000050 -0.002577
v -0.000576 -0.000121 -0.002577
v -0.000572 0.000135 -0.002577
v -0.000552 -0.000203 -0.002577
v -0.000547 0.000217 -0.002577
v -0.000517 -0.000281 -0.002577
v -0.000509 0.000294 -0.002577
v -0.000470 -0.000354 -0.002577
v -0.000461 0.000365 -0.002577
v -0.000414 -0.000418 -0.002577
v -0.000403 0.000429 -0.002577
v -0.000348 -0.000474 -0.002577
v -0.000336 0.000483 -0.002577
v -0.000276 -0.000520 -0.002577
v -0.000262 0.000527 -0.002577
v -0.000197 -0.000554 -0.002577
v -0.000183 0.000559 -0.002577
v -0.000114 -0.000577 -0.002577
v -0.000099 0.000580 -0.002577
v -0.000029 -0.000588 -0.002577
v -0.000014 0.000588 -0.002577
v 0.000057 -0.000585 -0.002577
v 0.000072 0.000584 -0.002577
v 0.000142 -0.000571 -0.002577
v 0.000156 0.000567 -0.002577
v 0.000223 -0.000544 -0.002577
v 0.000237 0.000538 -0.002577
v 0.000300 -0.000506 -0.002577
v 0.000313 0.000498 -0.002577
v 0.000370 -0.000457 -0.002577
v 0.000382 0.000447 -0.002577
v 0.000433 -0.000398 -0.002577
v 0.000443 0.000387 -0.002577
v 0.000486 -0.000331 -0.002577
v 0.000495 0.000318 -0.002577
v 0.000529 -0.000256 -0.002577
v 0.000536 0.000243 -0.002577
v 0.000561 -0.000177 -0.002577
v 0.000565 0.000162 -0.002577
v 0.000581 -0.000093 -0.002577
v 0.000583 0.000078 -0.002577
v 0.000588 -0.000008 -0.002577
v -0.000602 -0.000036 -0.002557
v -0.000600 0.000052 -0.002557
v -0.000590 -0.000124 -0.002557
v -0.000587 0.000139 -0.002557
v -0.000566 -0.000208 -0.002557
v -0.000560 0.000222 -0.002557
v -0.000529 -0.000288 -0.002557
v -0.000522 0.000302 -0.002557
v -0.000482 -0.000362 -0.002557
v -0.000472 0.000374 -0.002557
v -0.000424 -0.000428 -0.002557
v -0.000413 0.000439 -0.002557
v -0.000357 -0.000486 -0.002557
v -0.000344 0.000495 -0.002557
v -0.000282 -0.000532 -0.002557
v -0.000269 0.000539 -0.002557
v -0.000202 -0.000568 -0.002557
v -0.000187 0.000573 -0.002557
v -0.000117 -0.000591 -0.002557
v -0.000102 0.000594 -0.002557
v -0.000030 -0.000602 -0.002557
v -0.000014 0.000603 -0.002557
v 0.000058 -0.000600 -0.002557
v 0.000074 0.000598 -0.002557
v 0.000145 -0.000585 -0.002557
v 0.000160 0.000581 -0.002557
v 0.000229 -0.000558 -0.002557
v 0.000243 0.000552 -0.002557
v 0.000307 -0.000518 -0.002557
v 0.000320 0.000510 -0.002557
v 0.000380 -0.000468 -0.002557
v 0.000391 0.000458 -0.002557
v 0.000444 -0.000408 -0.002557
v 0.000454 0.000396 -0.002557
v 0.000498 -0.000339 -0.002557
v 0.000507 0.000326 -0.002557
v 0.000542 -0.000263 -0.002557
v 0.000549 0.000249 -0.002557
v 0.000575 -0.000181 -0.002557
v 0.000579 0.000166 -0.002557
v 0.000595 -0.000095 -0.002557
v 0.000597 0.000080 -0.002557
v 0.000603 -0.000008 -0.002557
v -0.000611 -0.000037 -0.002534
v -0.000610 0.000052 -0.002534
v -0.000599 -0.000125 -0.002534
v -0.000596 0.000141 -0.002534
v -0.000574 -0.000211 -0.002534
v -0.000569 0.000226 -0.002534
v -0.000537 -0.000293 -0.002534
v -0.000530 0.000306 -0.002534
v -0.000489 -0.000368 -0.002534
v -0.000480 0.000380 -0.002534
v -0.000430 -0.000435 -0.002534
v -0.000419 0.000446 -0.002534
v -0.000362 -0.000493 -0.002534
v -0.000350 0.000502 -0.002534
v -0.000287 -0.000541 -0.002534
v -0.000273 0.000548 -0.002534
v -0.000205 -0.000577 -0.002534
v -0.000190 0.000582 -0.002534
v -0.000119 -0.000600 -0.002534
v -0.000103 0.000603 -0.002534
v -0.000030 -0.000611 -0.002534
v -0.000015 0.000612 -0.002534
v 0.000059 -0.000609 -0.002534
v 0.000075 0.000607 -0.002534
v 0.000147 -0.000594 -0.002534
v 0.000162 0.000590 -0.002534
v 0.000232 -0.000566 -0.002534
v 0.000246 0.000560 -0.002534
v 0.000312 -0.000526 -0.002534
v 0.000325 0.000518 -0.002534
v 0.000385 -0.000475 -0.002534
v 0.000397 0.000465 -0.002534
v 0.000450 -0.000414 -0.002534
v 0.000461 0.000402 -0.002534
v 0.000506 -0.000344 -0.002534
v 0.000515 0.000331 -0.002534
v 0.000551 -0.000267 -0.002534
v 0.000557 0.000253 -0.002534
v 0.000584 -0.000184 -0.002534
v 0.000588 0.000169 -0.002534
v 0.000604 -0.000097 -0.002534
v 0.000606 0.000081 -0.002534
v 0.000612 -0.000008 -0.002534
v -0.000614 -0.000037 -0.002510
v -0.000613 0.000053 -0.002510
v -0.000602 -0.000126 -0.002510
v -0.000599 0.000141 -0.002510
v -0.000578 -0.000212 -0.002510
v -0.000572 0.000227 -0.002510
v -0.000540 -0.000294 -0.002510
v -0.000533 0.000308 -0.002510
v -0.000492 -0.000370 -0.002510
v -0.000482 0.000382 -0.002510
v -0.000433 -0.000438 -0.002510
v -0.000421 0.000448 -0.002510
v -0.000364 -0.000496 -0.002510
v -0.000352 0.000505 -0.002510
v -0.000288 -0.000544 -0.002510
v -0.000274 0.000551 -0.002510
v -0.000206 -0.000580 -0.002510
v -0.000191 0.000585 -0.002510
v -0.000119 -0.000604 -0.002510
v -0.000104 0.000607 -0.002510
v -0.000030 -0.000615 -0.002510
v -0.000015 0.000615 -0.002510
v 0.000059 -0.000613 -0.002510
v 0.000075 0.000611 -0.002510
v 0.000148 -0.000597 -0.002510
v 0.000163 0.000593 -0.002510
v 0.000233 -0.000569 -0.002510
v 0.000248 0.000563 -0.002510
v 0.000314 -0.000529 -0.002510
v 0.000327 0.000521 -0.002510
v 0.000388 -0.000478 -0.002510
v 0.000400 0.000468 -0.002510
v 0.000453 -0.000416 -0.002510
v 0.000464 0.000405 -0.002510
v 0.000509 -0.000346 -0.002510
v 0.000518 0.000333 -0.002510
v 0.000554 -0.000268 -0.002510
v 0.000561 0.000254 -0.002510
v 0.000587 -0.000185 -0.002510
v 0.000592 0.000170 -0.002510
v 0.000608 -0.000097 -0.002510
v 0.000610 0.000082 -0.002510
v 0.000615 -0.000008 -0.002510
v -0.000612 -0.000037 -0.002485
v -0.000611 0.000053 -0.002485
v -0.000600 -0.000126 -0.002485
v -0.000597 0.000141 -0.002485
v -0.000575 -0.000212 -0.002485
v -0.000570 0.000226 -0.002485
v -0.000538 -0.000293 -0.002485
v -0.000531 0.000307 -0.002485
v -0.000490 -0.000368 -0.002485
v -0.000480 0.000381 -0.002485
v -0.000431 -0.000436 -0.002485
v -0.000420 0.000447 -0.002485
v -0.000363 -0.000494 -0.002485
v -0.000350 0.000503 -0.002485
v -0.000287 -0.000542 -0.002485
v -0.000273 0.000549 -0.002485
v -0.000205 -0.000578 -0.002485
v -0.000191 0.000583 -0.002485
v -0.000119 -0.000601 -0.002485
v -0.000104 0.000604 -0.002485
v -0.000030 -0.000612 -0.002485
v -0.000015 0.000613 -0.002485
v 0.000059 -0.000610 -0.002485
v 0.000075 0.000608 -0.002485
v 0.000147 -0.000595 -0.002485
v 0.000163 0.000591 -0.002485
v 0.000233 -0.000567 -0.002485
v 0.000247 0.000561 -0.002485
v 0.000313 -0.000527 -0.002485
v 0.000326 0.000519 -0.002485
v 0.000386 -0.000476 -0.002485
v 0.000398 0.000466 -0.002485
v 0.000451 -0.000415 -0.002485
v 0.000462 0.000403 -0.002485
v 0.000507 -0.000345 -0.002485
v 0.000515 0.000332 -0.002485
v 0.000552 -0.000267 -0.002485
v 0.000558 0.000253 -0.002485
v 0.000585 -0.000184 -0.002485
v 0.000589 0.000169 -0.002485
v 0.000605 -0.000097 -0.002485
v 0.000608 0.000082 -0.002485
v 0.000613 -0.000008 -0.002485
v -0.000604 -0.000036 -0.002462
v -0.000603 0.000052 -0.002462
v -0.000592 -0.000124 -0.002462
v -0.000589 0.000139 -0.002462
v -0.000568 -0.000209 -0.002462
v -0.000562 0.000223 -0.002462
v -0.000531 -0.000289 -0.002462
v -0.000524 0.000303 -0.002462
v -0.000483 -0.000363 -0.002462
v -0.000474 0.000376 -0.002462
v -0.000425 -0.000430 -0.002462
v -0.000414 0.000441 -0.002462
v -0.000358 -0.000487 -0.002462
v -0.000346 0.000496 -0.002462
v -0.000283 -0.000534 -0.002462
v -0.000270 0.000541 -0.002462
v -0.000203 -0.000570 -0.002462
v -0.000188 0.000575 -0.002462
v -0.000117 -0.000593 -0.002462
v -0.000102 0.000596 -0.002462
v -0.000030 -0.000604 -0.002462
v -0.000014 0.000605 -0.002462
v 0.000058 -0.000602 -0.002462
v 0.000074 0.000600 -0.002462
v 0.000145 -0.000587 -0.002462
v 0.000160 0.000583 -0.002462
v 0.000229 -0.000560 -0.002462
v 0.000244 0.000553 -0.002462
v 0.000308 -0.000520 -0.002462
v 0.000322 0.000512 -0.002462
v 0.000381 -0.000470 -0.002462
v 0.000393 0.000460 -0.002462
v 0.000445 -0.000409 -0.002462
v 0.000455 0.000398 -0.002462
v 0.000500 -0.000340 -0.002462
v 0.000509 0.000327 -0.002462
v 0.000544 -0.000264 -0.002462
v 0.000551 0.000250 -0.002462
v 0.000577 -0.000182 -0.002462
v 0.000581 0.000167 -0.002462
v 0.000597 -0.000096 -0.002462
v 0.000599 0.000080 -0.002462
v 0.000605 -0.000008 -0.002462
v -0.000590 -0.000036 -0.002442
v -0.000589 0.000051 -0.002442
v -0.000579 -0.000121 -0.002442
v -0.000575 0.000136 -0.002442
v -0.000555 -0.000204 -0.002442
v -0.000549 0.000218 -0.002442
v -0.000519 -0.000283 -0.002442
v -0.000512 0.000296 -0.002442
v -0.000472 -0.000355 -0.002442
v -0.000463 0.000367 -0.002442
v -0.000416 -0.000420 -0.002442
v -0.000405 0.000431 -0.002442
v -0.000350 -0.000476 -0.002442
v -0.000338 0.000485 -0.002442
v -0.000277 -0.000522 -0.002442
v -0.000264 0.000529 -0.002442
v -0.000198 -0.000557 -0.002442
v -0.000184 0.000562 -0.002442
v -0.000115 -0.000580 -0.002442
v -0.000100 0.000583 -0.002442
v -0.000029 -0.000590 -0.002442
v -0.000014 0.000591 -0.002442
v 0.000057 -0.000588 -0.002442
v 0.000072 0.000587 -0.002442
v 0.000142 -0.000574 -0.002442
v 0.000157 0.000570 -0.002442
v 0.000224 -0.000547 -0.002442
v 0.000238 0.000541 -0.002442
v 0.000302 -0.000509 -0.002442
v 0.000314 0.000501 -0.002442
v 0.000372 -0.000459 -0.002442
v 0.000384 0.000450 -0.002442
v 0.000435 -0.000400 -0.002442
v 0.000445 0.000389 -0.002442
v 0.000489 -0.000332 -0.002442
v 0.000497 0.000320 -0.002442
v 0.000532 -0.000258 -0.002442
v 0.000538 0.000244 -0.002442
v 0.000564 -0.000178 -0.002442
v 0.000568 0.000163 -0.002442
v 0.000584 -0.000094 -0.002442
v 0.000586 0.000079 -0.002442
v 0.000591 -0.000008 -0.002442
v -0.000572 -0.000035 -0.002425
v -0.000571 0.000049 -0.002425
v -0.000561 -0.000117 -0.002425
v -0.000558 0.000132 -0.002425
v -0.000538 -0.000198 -0.002425
v -0.000533 0.000212 -0.002425
v -0.000503 -0.000274 -0.002425
v -0.000496 0.000287 -0.002425
v -0.000458 -0.000344 -0.002425
v -0.000449 0.000356 -0.002425
v -0.000403 -0.000407 -0.002425
v -0.000392 0.000418 -0.002425
v -0.000339 -0.000462 -0.002425
v -0.000327 0.000470 -0.002425
v -0.000269 -0.000506 -0.002425
v -0.000256 0.000513 -0.002425
v -0.000192 -0.000540 -0.002425
v -0.000178 0.000545 -0.002425
v -0.000111 -0.000562 -0.002425
v -0.000097 0.000565 -0.002425
v -0.000028 -0.000572 -0.002425
v -0.000014 0.000573 -0.002425
v 0.000055 -0.000570 -0.002425
v 0.000070 0.000569 -0.002425
v 0.000138 -0.000556 -0.002425
v 0.000152 0.000553 -0.002425
v 0.000217 -0.000530 -0.002425
v 0.000231 0.000525 -0.002425
v 0.000292 -0.000493 -0.002425
v 0.000305 0.000485 -0.002425
v 0.000361 -0.000445 -0.002425
v 0.000372 0.000436 -0.002425
v 0.000422 -0.000388 -0.002425
v 0.000432 0.000377 -0.002425
v 0.000474 -0.000322 -0.002425
v 0.000482 0.000310 -0.002425
v 0.000516 -0.000250 -0.002425
v 0.000522 0.000237 -0.002425
v 0.000547 -0.000172 -0.002425
v 0.000551 0.000158 -0.002425
v 0.000566 -0.000091 -0.002425
v 0.000568 0.000076 -0.002425
v 0.000573 -0.000007 -0.002425
v -0.000563 -0.000034 -0.002419
v -0.000562 0.000048 -0.002419
v -0.000560 0.000059 -0.002419
v -0.000559 -0.000059 -0.002419
v -0.000552 -0.000116 -0.002419
v -0.000549 0.000130 -0.002419
v -0.000535 -0.000174 -0.002419
v -0.000535 0.000174 -0.002419
v -0.000529 -0.000195 -0.002419
v -0.000524 0.000208 -0.002419
v -0.000495 -0.000270 -0.002419
v -0.000488 0.000282 -0.002419
v -0.000488 0.000282 -0.002419
v -0.000487 -0.000281 -0.002419
v -0.000450 -0.000339 -0.002419
v -0.000442 0.000350 -0.002419
v -0.000418 -0.000376 -0.002419
v -0.000418 0.000376 -0.002419
v -0.000396 -0.000401 -0.002419
v -0.000386 0.000411 -0.002419
v -0.000334 -0.000454 -0.002419
v -0.000331 -0.000456 -0.002419
v -0.000331 0.000455 -0.002419
v -0.000322 0.000463 -0.002419
v -0.000264 -0.000498 -0.002419
v -0.000251 0.000505 -0.002419
v -0.000229 0.000514 -0.002419
v -0.000229 -0.000514 -0.002419
v -0.000189 -0.000531 -0.002419
v -0.000175 0.000536 -0.002419
v -0.000117 -0.000551 -0.002419
v -0.000117 0.000550 -0.002419
v -0.000109 -0.000553 -0.002419
v -0.000095 0.000556 -0.002419
v -0.000028 -0.000563 -0.002419
v -0.000013 0.000563 -0.002419
v -0.000000 -0.000562 -0.002419
v -0.000000 0.000564 -0.002419
v 0.000054 -0.000561 -0.002419
v 0.000069 0.000559 -0.002419
v 0.000117 0.000550 -0.002419
v 0.000117 -0.000550 -0.002419
v 0.000136 -0.000547 -0.002419
v 0.000150 0.000543 -0.002419
v 0.000214 -0.000522 -0.002419
v 0.000227 0.000516 -0.002419
v 0.000229 -0.000514 -0.002419
v 0.000229 0.000515 -0.002419
v 0.000287 -0.000485 -0.002419
v 0.000300 0.000477 -0.002419
v 0.000330 0.000455 -0.002419
v 0.000331 -0.000455 -0.002419
v 0.000355 -0.000438 -0.002419
v 0.000366 0.000429 -0.002419
v 0.000415 -0.000381 -0.002419
v 0.000418 0.000377 -0.002419
v 0.000419 -0.000377 -0.002419
v 0.000425 0.000371 -0.002419
v 0.000466 -0.000317 -0.002419
v 0.000474 0.000305 -0.002419
v 0.000487 -0.000281 -0.002419
v 0.000487 0.000281 -0.002419
v 0.000507 -0.000246 -0.002419
v 0.000513 0.000233 -0.002419
v 0.000535 0.000174 -0.002419
v 0.000536 -0.000174 -0.002419
v 0.000538 -0.000169 -0.002419
v 0.000542 0.000155 -0.002419
v 0.000557 -0.000089 -0.002419
v 0.000559 0.000075 -0.002419
v 0.000559 -0.000059 -0.002419
v 0.000560 0.000059 -0.002419
v 0.000564 -0.000007 -0.002419
v -0.000495 -0.000000 -0.002380
v -0.000493 -0.000052 -0.002380
v -0.000493 0.000052 -0.002380
v -0.000480 -0.000110 -0.002380
v -0.000480 0.000110 -0.002380
v -0.000471 -0.000153 -0.002380
v -0.000471 0.000153 -0.002380
v -0.000444 -0.000214 -0.002380
v -0.000444 0.000214 -0.002380
v -0.000429 -0.000248 -0.002380
v -0.000429 0.000248 -0.002380
v -0.000385 -0.000308 -0.002380
v -0.000385 0.000308 -0.002380
v -0.000368 -0.000331 -0.002380
v -0.000368 0.000331 -0.002380
v -0.000308 -0.000386 -0.002380
v -0.000308 0.000386 -0.002380
v -0.000291 -0.000401 -0.002380
v -0.000291 0.000401 -0.002380
v -0.000214 -0.000445 -0.002380
v -0.000214 0.000445 -0.002380
v -0.000201 -0.000452 -0.002380
v -0.000201 0.000452 -0.002380
v -0.000110 -0.000482 -0.002380
v -0.000110 0.000482 -0.002380
v -0.000103 -0.000484 -0.002380
v -0.000103 0.000484 -0.002380
v -0.000000 -0.000495 -0.002380
v -0.000000 0.000495 -0.002380
v 0.000103 -0.000484 -0.002380
v 0.000103 0.000484 -0.002380
v 0.000110 -0.000482 -0.002380
v 0.000110 0.000482 -0.002380
v 0.000201 -0.000452 -0.002380
v 0.000201 0.000452 -0.002380
v 0.000214 -0.000445 -0.002380
v 0.000214 0.000445 -0.002380
v 0.000291 -0.000401 -0.002380
v 0.000291 0.000401 -0.002380
v 0.000308 -0.000386 -0.002380
v 0.000308 0.000386 -0.002380
v 0.000368 -0.000331 -0.002380
v 0.000368 0.000331 -0.002380
v 0.000385 -0.000308 -0.002380
v 0.000385 0.000308 -0.002380
v 0.000429 -0.000248 -0.002380
v 0.000429 0.000248 -0.002380
v 0.000444 -0.000214 -0.002380
v 0.000444 0.000214 -0.002380
v 0.000471 -0.000153 -0.002380
v 0.000471 0.000153 -0.002380
v 0.000480 -0.000110 -0.002380
v 0.000480 0.000110 -0.002380
v 0.000493 -0.000052 -0.002380
v 0.000493 -0.000000 -0.002380
v 0.000493 0.000052 -0.002380
v -0.000000 -0.000000 0.002344
v -0.000368 -0.000000 0.002547
v -0.000356 -0.000095 0.002547
v -0.000356 0.000095 0.002547
v -0.000319 -0.000184 0.002547
v -0.000319 0.000184 0.002547
v -0.000260 -0.000260 0.002547
v -0.000260 0.000260 0.002547
v -0.000184 -0.000319 0.002547
v -0.000184 0.000319 0.002547
v -0.000095 -0.000356 0.002547
v -0.000095 0.000356 0.002547
v -0.000000 -0.000368 0.002547
v -0.000000 0.000368 0.002547
v 0.000095 -0.000356 0.002547
v 0.000095 0.000356 0.002547
v 0.000184 -0.000319 0.002547
v 0.000184 0.000319 0.002547
v 0.000260 -0.000260 0.002547
v 0.000260 0.000260 0.002547
v 0.000319 -0.000184 0.002547
v 0.000319 0.000184 0.002547
v 0.000356 -0.000095 0.002547
v 0.000356 0.000095 0.002547
v 0.000368 -0.000000 0.002547
v -0.000495 -0.000000 0.002852
v -0.000483 -0.000110 0.002852
v -0.000483 0.000110 0.002852
v -0.000446 -0.000215 0.002852
v -0.000446 0.000215 0.002852
v -0.000387 -0.000309 0.002852
v -0.000387 0.000309 0.002852
v -0.000368 -0.000000 0.002852
v -0.000356 -0.000095 0.002852
v -0.000356 0.000095 0.002852
v -0.000319 -0.000184 0.002852
v -0.000319 0.000184 0.002852
v -0.000309 -0.000387 0.002852
v -0.000309 0.000387 0.002852
v -0.000260 -0.000260 0.002852
v -0.000260 0.000260 0.002852
v -0.000215 -0.000446 0.002852
v -0.000215 0.000446 0.002852
v -0.000184 -0.000319 0.002852
v -0.000184 0.000319 0.002852
v -0.000110 -0.000483 0.002852
v -0.000110 0.000483 0.002852
v -0.000095 -0.000356 0.002852
v -0.000095 0.000356 0.002852
v -0.000000 -0.000495 0.002852
v -0.000000 -0.000368 0.002852
v -0.000000 0.000368 0.002852
v -0.000000 0.000495 0.002852
v 0.000095 -0.000356 0.002852
v 0.000095 0.000356 0.002852
v 0.000110 -0.000483 0.002852
v 0.000110 0.000483 0.002852
v 0.000184 -0.000319 0.002852
v 0.000184 0.000319 0.002852
v 0.000215 -0.000446 0.002852
v 0.000215 0.000446 0.002852
v 0.000260 -0.000260 0.002852
v 0.000260 0.000260 0.002852
v 0.000309 -0.000387 0.002852
v 0.000309 0.000387 0.002852
v 0.000319 -0.000184 0.002852
v 0.000319 0.000184 0.002852
v 0.000356 -0.000095 0.002852
v 0.000356 0.000095 0.002852
v 0.000368 -0.000000 0.002852
v 0.000387 -0.000309 0.002852
v 0.000387 0.000309 0.002852
v 0.000446 -0.000215 0.002852
v 0.000446 0.000215 0.002852
v 0.000483 -0.000110 0.002852
v 0.000483 0.000110 0.002852
v 0.000495 -0.000000 0.002852
vn -0.1865 0.4486 0.8740
vn -0.0609 0.4821 0.8740
vn -0.4486 0.1865 0.8740
vn -0.3841 0.2982 0.8738
vn -0.2982 0.3841 0.8738
vn -0.4486 -0.1865 0.8740
vn -0.4821 -0.0609 0.8740
vn -0.4821 0.0609 0.8740
vn -0.1865 -0.4486 0.8740
vn -0.2982 -0.3841 0.8738
vn -0.3841 -0.2982 0.8738
vn 0.1865 -0.4486 0.8740
vn 0.0609 -0.4821 0.8740
vn -0.0609 -0.4821 0.8740
vn 0.4486 -0.1865 0.8740
vn 0.3841 -0.2982 0.8738
vn 0.2982 -0.3841 0.8738
vn 0.4486 0.1865 0.8740
vn 0.4821 0.0609 0.8740
vn 0.4821 -0.0609 0.8740
vn 0.1865 0.4486 0.8740
vn 0.2982 0.3841 0.8738
vn 0.3841 0.2982 0.8738
vn 0.0609 0.4821 0.8740
vn -0.1253 0.9921 -0.0000
vn -0.1250 0.9922 -0.0000
vn -0.3839 0.9234 -0.0000
vn -0.6132 0.7899 -0.0000
vn -0.7899 0.6132 -0.0000
vn -0.9234 0.3839 -0.0000
vn -0.9921 0.1253 -0.0000
vn -0.9921 -0.1253 -0.0000
vn -0.9234 -0.3839 -0.0000
vn -0.7899 -0.6132 -0.0000
vn -0.6132 -0.7899 -0.0000
vn -0.3839 -0.9234 -0.0000
vn -0.1253 -0.9921 -0.0000
vn 0.1253 -0.9921 -0.0000
vn 0.3839 -0.9234 -0.0000
vn 0.6132 -0.7899 -0.0000
vn 0.7899 -0.6132 -0.0000
vn 0.9234 -0.3839 -0.0000
vn 0.9921 -0.1253 -0.0000
vn 0.9921 0.1253 -0.0000
vn 0.9234 0.3839 -0.0000
vn 0.7899 0.6132 -0.0000
vn 0.6132 0.7899 -0.0000
vn 0.3839 0.9234 -0.0000
vn 0.1253 0.9921 -0.0000
vn 0.1250 0.9922 -0.0000
vn -0.0000 -0.0000 1.0000
vn -0.2781 -0.9606 0.0035
vn -0.1084 -0.9941 -0.0002
vn -0.3131 -0.9497 -0.0002
vn -0.4741 -0.8805 0.0030
vn -0.3324 -0.9432 -0.0002
vn -0.4961 -0.8682 -0.0003
vn -0.6620 -0.7495 0.0032
vn -0.5313 -0.8472 -0.0003
vn -0.6757 -0.7372 -0.0003
vn -0.7071 -0.7071 0.0004
vn -0.8042 -0.5944 -0.0004
vn -0.8064 -0.5914 -0.0004
vn -0.8470 -0.5316 0.0006
vn -0.9149 -0.4036 -0.0004
vn -0.9144 -0.4047 -0.0004
vn -0.9432 -0.3324 0.0006
vn -0.9788 -0.2049 -0.0006
vn -0.9758 -0.2187 -0.0006
vn -0.9941 -0.1084 0.0007
vn -0.9993 -0.0384 -0.0000
vn -0.9993 0.0384 -0.0000
vn -0.9941 0.1084 0.0007
vn -0.9758 0.2187 -0.0006
vn -0.9788 0.2049 -0.0006
vn -0.9432 0.3324 0.0006
vn -0.9144 0.4047 -0.0004
vn -0.9149 0.4036 -0.0004
vn -0.8470 0.5316 0.0006
vn -0.8064 0.5914 -0.0004
vn -0.8040 0.5947 -0.0004
vn -0.7071 0.7071 0.0004
vn -0.6757 0.7372 -0.0003
vn -0.6614 0.7501 -0.0003
vn -0.5316 0.8470 0.0004
vn -0.4964 0.8681 -0.0003
vn -0.4727 0.8812 -0.0003
vn -0.3324 0.9432 0.0002
vn -0.3131 0.9497 -0.0002
vn -0.2743 0.9617 -0.0002
vn -0.1084 0.9941 -0.0000
vn -0.1062 0.9943 -0.0000
vn 0.3324 0.9432 -0.0002
vn 0.4727 0.8812 0.0030
vn 0.3131 0.9497 -0.0002
vn 0.1084 0.9941 -0.0002
vn 0.2743 0.9617 0.0034
vn 0.1062 0.9943 -0.0000
vn 0.7071 0.7071 0.0004
vn 0.6757 0.7372 -0.0003
vn 0.5316 0.8470 -0.0003
vn 0.6616 0.7498 0.0032
vn 0.4964 0.8681 -0.0003
vn 0.8470 0.5316 0.0006
vn 0.8064 0.5914 -0.0004
vn 0.8040 0.5947 -0.0004
vn 0.9432 0.3324 0.0006
vn 0.9144 0.4047 -0.0004
vn 0.9149 0.4036 -0.0004
vn 0.9941 0.1084 0.0007
vn 0.9758 0.2187 -0.0006
vn 0.9788 0.2049 -0.0006
vn 0.9941 -0.1084 0.0007
vn 1.0000 -0.0000 -0.0004
vn 0.9432 -0.3324 0.0006
vn 0.9788 -0.2049 -0.0006
vn 0.9758 -0.2187 -0.0006
vn 0.8470 -0.5316 0.0006
vn 0.9149 -0.4036 -0.0004
vn 0.9144 -0.4047 -0.0004
vn 0.7071 -0.7071 0.0004
vn 0.8042 -0.5944 -0.0004
vn 0.8064 -0.5914 -0.0004
vn 0.5316 -0.8470 0.0004
vn 0.6621 -0.7495 -0.0003
vn 0.6757 -0.7372 -0.0003
vn 0.3324 -0.9432 0.0002
vn 0.4741 -0.8805 -0.0003
vn 0.4961 -0.8682 -0.0003
vn -0.1062 -0.9943 -0.0000
vn 0.1062 -0.9943 -0.0000
vn 0.1084 -0.9941 -0.0000
vn 0.2781 -0.9606 -0.0002
vn 0.3131 -0.9497 -0.0002
vn -0.2354 0.4390 0.8671
vn -0.1878 0.4608 0.8674
vn -0.1497 0.4541 0.8783
vn -0.1171 0.4850 0.8666
vn -0.1374 0.4821 0.8653
vn -0.1318 0.4834 0.8654
vn -0.0513 0.4801 0.8757
vn -0.0419 0.4910 0.8701
vn -0.1852 0.4527 0.8722
vn -0.2465 0.4167 0.8750
vn -0.2436 0.4258 0.8714
vn -0.3347 0.3761 0.8640
vn -0.3328 0.3776 0.8641
vn -0.3099 0.3874 0.8682
vn -0.3248 0.3544 0.8769
vn -0.3702 0.3385 0.8651
vn -0.4044 0.2995 0.8641
vn -0.3562 0.3288 0.8747
vn -0.3999 0.2705 0.8757
vn -0.4026 0.2952 0.8665
vn -0.4567 0.2015 0.8665
vn -0.4410 0.2145 0.8715
vn -0.4416 0.1954 0.8757
vn -0.4767 0.1542 0.8654
vn -0.4927 0.1031 0.8641
vn -0.4548 0.1447 0.8788
vn -0.4662 0.1045 0.8785
vn -0.4956 0.0768 0.8652
vn -0.4940 0.0898 0.8648
vn -0.4928 0.0190 0.8699
vn -0.4998 0.0061 0.8661
vn -0.4903 -0.0189 0.8713
vn -0.5008 -0.0801 0.8619
vn -0.4968 -0.1113 0.8607
vn -0.4717 -0.0579 0.8798
vn -0.4677 -0.0979 0.8785
vn -0.4810 -0.1410 0.8653
vn -0.4821 -0.1377 0.8652
vn -0.4449 -0.1969 0.8737
vn -0.4454 -0.2019 0.8723
vn -0.4489 -0.1980 0.8714
vn -0.4100 -0.2982 0.8620
vn -0.4089 -0.2999 0.8619
vn -0.4038 -0.2576 0.8778
vn -0.3884 -0.2871 0.8756
vn -0.3794 -0.3281 0.8651
vn -0.3765 -0.3314 0.8651
vn -0.3270 -0.3567 0.8751
vn -0.3212 -0.3757 0.8693
vn -0.3285 -0.3723 0.8681
vn -0.2761 -0.4142 0.8673
vn -0.2479 -0.4339 0.8662
vn -0.2544 -0.4059 0.8778
vn -0.2298 -0.4268 0.8747
vn -0.0590 -0.4782 0.8762
vn -0.0521 -0.4880 0.8713
vn -0.1202 -0.4806 0.8687
vn -0.1380 -0.4766 0.8682
vn -0.1326 -0.4775 0.8686
vn -0.1503 -0.4559 0.8772
vn -0.1946 -0.4578 0.8675
vn -0.2068 -0.4523 0.8675
vn 0.0180 -0.5030 0.8641
vn 0.0093 -0.5030 0.8642
vn 0.0509 -0.4769 0.8775
vn 0.0861 -0.4932 0.8656
vn 0.1395 -0.4818 0.8651
vn 0.0774 -0.4900 0.8683
vn 0.1488 -0.4643 0.8731
vn 0.1515 -0.4595 0.8752
vn 0.2344 -0.4396 0.8671
vn 0.2362 -0.4387 0.8670
vn 0.2215 -0.4429 0.8688
vn 0.2390 -0.4182 0.8763
vn 0.2834 -0.4150 0.8646
vn 0.3335 -0.3773 0.8640
vn 0.2826 -0.3989 0.8724
vn 0.3350 -0.3526 0.8738
vn 0.3339 -0.3643 0.8694
vn 0.3493 -0.3499 0.8692
vn 0.3985 -0.2946 0.8686
vn 0.3860 -0.3024 0.8715
vn 0.3898 -0.2858 0.8754
vn 0.4359 -0.2543 0.8634
vn 0.4634 -0.2045 0.8622
vn 0.4199 -0.2400 0.8753
vn 0.4423 -0.1958 0.8752
vn 0.4608 -0.1856 0.8679
vn 0.4612 -0.1845 0.8679
vn 0.4824 -0.1010 0.8701
vn 0.4732 -0.1124 0.8738
vn 0.4721 -0.1058 0.8752
vn 0.5058 -0.0337 0.8620
vn 0.5087 -0.0000 0.8609
vn 0.4775 -0.0459 0.8775
vn 0.4814 -0.0000 0.8765
vn 0.5005 0.0303 0.8652
vn 0.5004 0.0313 0.8652
vn 0.4779 0.1071 0.8719
vn 0.4761 0.1012 0.8736
vn 0.4769 0.0998 0.8733
vn 0.4704 0.1736 0.8652
vn 0.4599 0.2036 0.8643
vn 0.4497 0.1677 0.8773
vn 0.4414 0.1948 0.8759
vn 0.4437 0.2404 0.8633
vn 0.3925 0.2878 0.8736
vn 0.3922 0.2912 0.8726
vn 0.3931 0.2905 0.8724
vn 0.3262 0.3793 0.8659
vn 0.3373 0.3680 0.8665
vn 0.3389 0.3389 0.8777
vn 0.3199 0.3625 0.8754
vn 0.2958 0.4096 0.8630
vn 0.2988 0.4075 0.8630
vn 0.2403 0.4205 0.8749
vn 0.2327 0.4348 0.8699
vn 0.2332 0.4348 0.8698
vn 0.2227 0.4396 0.8701
vn 0.1542 0.4677 0.8703
vn 0.1597 0.4553 0.8759
vn 0.1033 0.4868 0.8674
vn 0.1377 0.4821 0.8652
vn 0.0922 0.4920 0.8657
vn 0.0511 0.4789 0.8764
vn 0.0356 0.4917 0.8700
vn -0.0381 0.4916 0.8700
vn -0.3825 0.4295 0.8180
vn -0.2924 0.4944 0.8186
vn -0.2782 0.4593 0.8436
vn -0.2055 0.5023 0.8399
vn -0.2056 0.5012 0.8405
vn -0.2020 0.4958 0.8446
vn -0.1284 0.5201 0.8444
vn -0.1219 0.5046 0.8547
vn -0.3411 0.4264 0.8377
vn -0.3405 0.4261 0.8382
vn -0.4048 0.3697 0.8364
vn -0.3993 0.3670 0.8402
vn -0.4011 0.3704 0.8378
vn -0.4530 0.3086 0.8364
vn -0.4447 0.3008 0.8436
vn -0.4830 0.2383 0.8426
vn -0.4680 0.2277 0.8539
vn -0.4970 0.1608 0.8527
vn -0.5125 0.1602 0.8436
vn -0.5212 0.1659 0.8371
vn -0.5398 0.0836 0.8376
vn -0.5348 0.0838 0.8408
vn -0.5443 0.0990 0.8330
vn -0.5541 0.0066 0.8324
vn -0.5553 0.0068 0.8317
vn -0.4548 -0.3308 0.8269
vn -0.5079 -0.2301 0.8301
vn -0.4876 -0.2246 0.8437
vn -0.5143 -0.1469 0.8449
vn -0.5160 -0.1465 0.8440
vn -0.5357 -0.1570 0.8297
vn -0.5475 -0.0735 0.8336
vn -0.5111 -0.0628 0.8572
vn -0.5458 -0.0873 0.8333
vn -0.4427 -0.2824 0.8510
vn -0.4514 -0.2902 0.8438
vn -0.4092 -0.3538 0.8410
vn -0.4151 -0.3624 0.8345
vn -0.4095 -0.3604 0.8381
vn -0.3585 -0.4176 0.8349
vn -0.3517 -0.4115 0.8408
vn -0.2977 -0.4472 0.8434
vn -0.2879 -0.4579 0.8411
vn -0.2847 -0.4542 0.8442
vn -0.2242 -0.4905 0.8421
vn -0.2266 -0.5132 0.8278
vn -0.2096 -0.4931 0.8444
vn -0.1432 -0.5155 0.8448
vn -0.1449 -0.5335 0.8333
vn -0.1323 -0.5293 0.8381
vn -0.0655 -0.5434 0.8369
vn -0.0683 -0.5534 0.8301
vn 0.2727 -0.5103 0.8156
vn 0.1755 -0.5484 0.8176
vn 0.1711 -0.5199 0.8369
vn 0.0852 -0.5395 0.8377
vn 0.0894 -0.5302 0.8432
vn 0.0951 -0.5449 0.8331
vn 0.0133 -0.5536 0.8327
vn 0.0100 -0.5355 0.8445
vn 0.0198 -0.5546 0.8319
vn 0.2489 -0.4980 0.8307
vn 0.2378 -0.4824 0.8430
vn 0.3022 -0.4432 0.8440
vn 0.3184 -0.4576 0.8302
vn 0.3158 -0.4466 0.8372
vn 0.3726 -0.3988 0.8379
vn 0.3571 -0.3759 0.8551
vn 0.4637 -0.2705 0.8437
vn 0.4230 -0.3334 0.8425
vn 0.4318 -0.3383 0.8361
vn 0.3662 -0.3667 0.8552
vn 0.5487 -0.0366 0.8352
vn 0.5307 -0.1260 0.8381
vn 0.5220 -0.1224 0.8441
vn 0.4969 -0.1988 0.8447
vn 0.4968 -0.1975 0.8451
vn 0.4828 -0.1945 0.8539
vn 0.4534 -0.2591 0.8528
vn 0.5110 -0.0491 0.8582
vn 0.5541 -0.0462 0.8312
vn 0.5544 0.0336 0.8316
vn 0.5534 0.0333 0.8323
vn 0.5517 0.0345 0.8333
vn 0.5425 0.1125 0.8325
vn 0.5256 0.1116 0.8434
vn 0.3581 0.4164 0.8357
vn 0.4382 0.3254 0.8379
vn 0.4311 0.3217 0.8430
vn 0.4725 0.2560 0.8433
vn 0.4665 0.2556 0.8468
vn 0.4585 0.2483 0.8533
vn 0.4892 0.1796 0.8535
vn 0.5041 0.1880 0.8430
vn 0.5019 0.1851 0.8449
vn 0.3665 0.3665 0.8552
vn 0.3831 0.3896 0.8375
vn 0.3201 0.4433 0.8373
vn 0.3160 0.4321 0.8446
vn 0.3175 0.4331 0.8436
vn 0.2534 0.4736 0.8435
vn 0.2490 0.4607 0.8519
vn 0.2353 0.4645 0.8537
vn 0.1742 0.4915 0.8533
vn 0.1692 0.4825 0.8594
vn -0.1433 0.5267 0.8379
vn -0.0467 0.5469 0.8359
vn -0.0492 0.5108 0.8583
vn -0.0399 0.5118 0.8582
vn 0.0278 0.5854 0.8103
vn 0.0372 0.5120 0.8582
vn 0.0986 0.5055 0.8572
vn 0.0993 0.5295 0.8425
vn 0.1054 0.4966 0.8615
vn -0.0000 -0.0000 -1.0000
vn -0.0001 -0.0000 -1.0000
vn 0.6838 -0.0570 0.7274
vn 0.6872 0.0395 0.7253
vn 0.6824 0.0411 0.7298
vn 0.6669 0.1429 0.7313
vn 0.6791 0.1408 0.7205
vn 0.6500 0.2407 0.7208
vn 0.6554 0.2406 0.7159
vn 0.6149 0.3318 0.7154
vn 0.6031 0.3304 0.7260
vn 0.5485 0.4135 0.7267
vn 0.5571 0.4158 0.7188
vn 0.4903 0.4903 0.7206
vn 0.4758 0.4839 0.7344
vn 0.4002 0.5490 0.7338
vn 0.4026 0.5505 0.7313
vn 0.3165 0.6014 0.7336
vn 0.3323 0.6147 0.7154
vn 0.2354 0.6575 0.7157
vn 0.2312 0.6528 0.7214
vn 0.1359 0.6800 0.7205
vn 0.1313 0.6729 0.7280
vn 0.0318 0.6844 0.7284
vn 0.0327 0.6863 0.7266
vn -0.0633 0.6851 0.7257
vn -0.0655 0.6794 0.7309
vn -0.1656 0.6624 0.7306
vn -0.1649 0.6681 0.7256
vn -0.2618 0.6347 0.7271
vn -0.2618 0.6382 0.7239
vn -0.3526 0.5929 0.7240
vn -0.3501 0.5779 0.7372
vn -0.4234 0.5253 0.7381
vn -0.4255 0.5323 0.7319
vn -0.5034 0.4562 0.7338
vn -0.5096 0.4680 0.7220
vn -0.5689 0.3926 0.7226
vn -0.5627 0.3833 0.7325
vn -0.6147 0.2916 0.7329
vn -0.6339 0.3127 0.7074
vn -0.6727 0.2133 0.7085
vn -0.6666 0.2083 0.7157
vn -0.6890 0.1135 0.7158
vn -0.6765 0.1060 0.7288
vn -0.6861 0.0079 0.7274
vn -0.6868 0.0082 0.7268
vn -0.6813 -0.0882 0.7266
vn -0.6731 -0.0903 0.7340
vn -0.6519 -0.1885 0.7345
vn -0.6607 -0.1876 0.7269
vn -0.6256 -0.2851 0.7262
vn -0.6182 -0.2847 0.7326
vn -0.5696 -0.3718 0.7330
vn -0.5823 -0.3743 0.7217
vn -0.5235 -0.4510 0.7229
vn -0.5121 -0.4470 0.7334
vn -0.4400 -0.5186 0.7331
vn -0.4503 -0.5240 0.7229
vn -0.3692 -0.5856 0.7216
vn -0.3675 -0.5847 0.7232
vn -0.2792 -0.6302 0.7245
vn -0.2776 -0.6286 0.7265
vn -0.1836 -0.6622 0.7265
vn -0.1778 -0.6545 0.7348
vn -0.0785 -0.6752 0.7334
vn -0.0822 -0.6819 0.7268
vn 0.0160 -0.6870 0.7265
vn 0.0165 -0.6856 0.7278
vn 0.1113 -0.6758 0.7286
vn 0.1128 -0.6689 0.7348
vn 0.2126 -0.6456 0.7335
vn 0.2125 -0.6458 0.7333
vn 0.2977 -0.6110 0.7336
vn 0.2971 -0.6023 0.7409
vn 0.3895 -0.5455 0.7421
vn 0.3947 -0.5671 0.7229
vn 0.4728 -0.5047 0.7223
vn 0.4736 -0.5066 0.7204
vn 0.5434 -0.4315 0.7201
vn 0.5398 -0.4253 0.7265
vn 0.5940 -0.3452 0.7267
vn 0.5957 -0.3475 0.7242
vn 0.6409 -0.2567 0.7234
vn 0.6378 -0.2535 0.7273
vn 0.6694 -0.1594 0.7256
vn 0.6644 -0.1558 0.7310
vn 0.6807 -0.0554 0.7305
vn 0.8174 -0.0665 0.5722
vn 0.8180 0.0558 0.5726
vn 0.8364 0.0481 0.5460
vn 0.8223 0.1701 0.5430
vn 0.8095 0.1735 0.5609
vn 0.7779 0.2812 0.5619
vn 0.7635 0.2828 0.5807
vn 0.7144 0.3897 0.5812
vn 0.7230 0.3900 0.5703
vn 0.6553 0.4984 0.5676
vn 0.6634 0.5000 0.5567
vn 0.5870 0.5870 0.5576
vn 0.5869 0.5868 0.5579
vn 0.4910 0.6703 0.5565
vn 0.4869 0.6683 0.5624
vn 0.3860 0.7344 0.5583
vn 0.3869 0.7351 0.5567
vn 0.2801 0.7840 0.5540
vn 0.2810 0.7850 0.5520
vn 0.1613 0.8164 0.5545
vn 0.1638 0.8197 0.5488
vn 0.0475 0.8353 0.5477
vn 0.0379 0.8184 0.5734
vn -0.0835 0.8164 0.5715
vn -0.0774 0.8324 0.5488
vn -0.1984 0.8126 0.5480
vn -0.2006 0.8022 0.5624
vn -0.3170 0.7646 0.5612
vn -0.3169 0.7683 0.5561
vn -0.4234 0.7151 0.5561
vn -0.4232 0.7117 0.5607
vn -0.5202 0.6432 0.5618
vn -0.5211 0.6465 0.5572
vn -0.6105 0.5635 0.5565
vn -0.6043 0.5476 0.5788
vn -0.6733 0.4612 0.5779
vn -0.6766 0.4669 0.5694
vn -0.7427 0.3528 0.5691
vn -0.7421 0.3520 0.5704
vn -0.7816 0.2512 0.5709
vn -0.7763 0.2461 0.5803
vn -0.8031 0.1292 0.5816
vn -0.8088 0.1332 0.5728
vn -0.8190 0.0093 0.5738
vn -0.8192 0.0094 0.5734
vn -0.8142 -0.1110 0.5699
vn -0.8262 -0.1069 0.5531
vn -0.8009 -0.2261 0.5545
vn -0.7893 -0.2282 0.5701
vn -0.7453 -0.3447 0.5707
vn -0.7561 -0.3444 0.5566
vn -0.6981 -0.4528 0.5547
vn -0.6927 -0.4522 0.5619
vn -0.6263 -0.5418 0.5605
vn -0.6302 -0.5429 0.5551
vn -0.5374 -0.6320 0.5584
vn -0.5355 -0.6311 0.5613
vn -0.4394 -0.7012 0.5614
vn -0.4437 -0.7039 0.5547
vn -0.3410 -0.7578 0.5562
vn -0.3325 -0.7506 0.5710
vn -0.2124 -0.7942 0.5693
vn -0.2238 -0.8070 0.5464
vn -0.1048 -0.8292 0.5491
vn -0.0946 -0.8133 0.5741
vn 0.0186 -0.8195 0.5727
vn 0.0190 -0.8186 0.5740
vn 0.1393 -0.8080 0.5725
vn 0.1353 -0.8209 0.5548
vn 0.2547 -0.7925 0.5541
vn 0.2566 -0.7793 0.5717
vn 0.3711 -0.7331 0.5700
vn 0.3710 -0.7617 0.5312
vn 0.4794 -0.6998 0.5295
vn 0.4741 -0.6638 0.5784
vn 0.5629 -0.5906 0.5782
vn 0.5678 -0.6063 0.5567
vn 0.6492 -0.5175 0.5575
vn 0.6477 -0.5144 0.5620
vn 0.7168 -0.4150 0.5603
vn 0.7182 -0.4174 0.5567
vn 0.7712 -0.3104 0.5558
vn 0.7686 -0.3074 0.5611
vn 0.8060 -0.1874 0.5614
vn 0.8136 -0.1937 0.5482
vn 0.8326 -0.0757 0.5487
vn 0.9410 -0.0855 0.3273
vn 0.9432 0.0524 0.3281
vn 0.9275 0.0632 0.3684
vn 0.9068 0.1980 0.3721
vn 0.9219 0.1907 0.3372
vn 0.8835 0.3261 0.3362
vn 0.8928 0.3226 0.3143
vn 0.8342 0.4540 0.3131
vn 0.8329 0.4543 0.3160
vn 0.7589 0.5665 0.3211
vn 0.7456 0.5670 0.3502
vn 0.6583 0.6687 0.3457
vn 0.6698 0.6698 0.3204
vn 0.5614 0.7627 0.3210
vn 0.5580 0.7619 0.3289
vn 0.4430 0.8333 0.3307
vn 0.4363 0.8305 0.3463
vn 0.3150 0.8827 0.3488
vn 0.3154 0.8829 0.3479
vn 0.1782 0.9220 0.3436
vn 0.1829 0.9259 0.3306
vn 0.0524 0.9423 0.3306
vn 0.0537 0.9437 0.3264
vn -0.0949 0.9387 0.3313
vn -0.0959 0.9373 0.3351
vn -0.2209 0.9148 0.3380
vn -0.2225 0.9116 0.3458
vn -0.3591 0.8660 0.3480
vn -0.4817 0.8063 0.3433
vn -0.4808 0.8120 0.3308
vn -0.5903 0.7379 0.3272
vn -0.5904 0.7297 0.3449
vn -0.6942 0.6311 0.3461
vn -0.6959 0.6423 0.3212
vn -0.7800 0.5376 0.3203
vn -0.7788 0.5338 0.3294
vn -0.8505 0.4095 0.3301
vn -0.8471 0.4022 0.3474
vn -0.8936 0.2838 0.3478
vn -0.8964 0.2881 0.3368
vn -0.9300 0.1480 0.3364
vn -0.9318 0.1499 0.3306
vn -0.9443 0.0105 0.3289
vn -0.9446 0.0107 0.3281
vn -0.9352 -0.1261 0.3308
vn -0.9333 -0.1273 0.3357
vn -0.9040 -0.2628 0.3373
vn -0.9142 -0.2582 0.3123
vn -0.8635 -0.3943 0.3146
vn -0.8567 -0.3963 0.3302
vn -0.7950 -0.5088 0.3304
vn -0.7859 -0.5098 0.3500
vn -0.7078 -0.6142 0.3489
vn -0.7098 -0.6142 0.3449
vn -0.6091 -0.7141 0.3452
vn -0.6069 -0.7139 0.3493
vn -0.5003 -0.7921 0.3498
vn -0.4951 -0.7901 0.3614
vn -0.3746 -0.8534 0.3625
vn -0.3869 -0.8598 0.3334
vn -0.2431 -0.9093 0.3377
vn -0.2433 -0.9096 0.3368
vn -0.1160 -0.9351 0.3347
vn -0.1185 -0.9377 0.3267
vn 0.0215 -0.9440 0.3292
vn 0.0215 -0.9440 0.3293
vn 0.1585 -0.9306 0.3299
vn 0.1599 -0.9281 0.3361
vn 0.2914 -0.8956 0.3362
vn 0.2895 -0.9005 0.3244
vn 0.4224 -0.8440 0.3306
vn 0.4238 -0.8370 0.3461
vn 0.5365 -0.7681 0.3496
vn 0.5353 -0.7816 0.3203
vn 0.6481 -0.6906 0.3210
vn 0.6473 -0.6791 0.3460
vn 0.7331 -0.5865 0.3443
vn 0.7327 -0.5841 0.3494
vn 0.8118 -0.4683 0.3489
vn 0.8128 -0.4705 0.3436
vn 0.8712 -0.3464 0.3479
vn 0.8742 -0.3518 0.3347
vn 0.9174 -0.2109 0.3374
vn 0.9197 -0.2139 0.3292
vn 0.9400 -0.0845 0.3306
vn 0.9928 -0.0892 0.0794
vn 0.9953 0.0553 0.0796
vn 0.9767 0.1998 0.0781
vn 0.9693 0.2117 0.1248
vn 0.9308 0.3435 0.1251
vn 0.9307 0.3435 0.1254
vn 0.8716 0.4744 0.1236
vn 0.7943 0.5957 0.1188
vn 0.7964 0.5945 0.1113
vn 0.6971 0.7081 0.1124
vn 0.5839 0.8042 0.1110
vn 0.5905 0.8022 0.0878
vn 0.4676 0.8795 0.0891
vn 0.3315 0.9393 0.0884
vn 0.3352 0.9391 0.0762
vn 0.1998 0.9766 0.0791
vn 0.1884 0.9751 0.1170
vn 0.0440 0.9919 0.1194
vn 0.0553 0.9953 0.0796
vn -0.0892 0.9928 0.0794
vn -0.0999 0.9880 0.1177
vn -0.2435 0.9631 0.1148
vn -0.2341 0.9691 0.0772
vn -0.3782 0.9228 0.0735
vn -0.3815 0.9201 0.0889
vn -0.5060 0.8580 0.0889
vn -0.5098 0.8534 0.1091
vn -0.6329 0.7661 0.1119
vn -0.6237 0.7797 0.0557
vn -0.7331 0.6778 0.0561
vn -0.7372 0.6702 0.0858
vn -0.8202 0.5653 0.0882
vn -0.8974 0.4321 0.0891
vn -0.8974 0.4321 0.0894
vn -0.9504 0.2984 0.0880
vn -0.9503 0.3019 0.0760
vn -0.9845 0.1566 0.0788
vn -0.9968 0.0111 0.0797
vn -0.9879 -0.1332 0.0790
vn -0.9603 -0.2680 0.0768
vn -0.9539 -0.2773 0.1145
vn -0.9020 -0.4180 0.1082
vn -0.9060 -0.4138 0.0890
vn -0.8422 -0.5319 0.0882
vn -0.8372 -0.5358 0.1098
vn -0.7506 -0.6512 0.1121
vn -0.6394 -0.7607 0.1120
vn -0.6465 -0.7580 0.0865
vn -0.5319 -0.8422 0.0887
vn -0.4004 -0.9120 0.0890
vn -0.2649 -0.9603 0.0874
vn -0.2564 -0.9596 0.1156
vn -0.1218 -0.9854 0.1187
vn -0.1220 -0.9855 0.1177
vn 0.0223 -0.9927 0.1184
vn 0.0225 -0.9926 0.1194
vn 0.1757 -0.9774 0.1173
vn 0.1674 -0.9822 0.0853
vn 0.3117 -0.9461 0.0882
vn 0.3084 -0.9482 0.0757
vn 0.4416 -0.8943 0.0715
vn 0.4454 -0.8909 0.0891
vn 0.5653 -0.8202 0.0882
vn 0.5690 -0.8149 0.1105
vn 0.6858 -0.7190 0.1124
vn 0.6819 -0.7266 0.0840
vn 0.7779 -0.6223 0.0876
vn 0.7779 -0.6223 0.0877
vn 0.8628 -0.4977 0.0889
vn 0.9256 -0.3680 0.0888
vn 0.9690 -0.2312 0.0868
vn 0.9680 -0.2225 0.1162
vn 0.9899 -0.0779 0.1188
vn 0.9893 -0.0778 -0.1237
vn 0.9901 0.0667 -0.1238
vn 0.9845 0.0547 -0.1664
vn 0.9656 0.1975 -0.1692
vn 0.9248 0.3413 -0.1684
vn 0.9248 0.3413 -0.1683
vn 0.8684 0.4677 -0.1648
vn 0.8686 0.4728 -0.1480
vn 0.7871 0.5987 -0.1483
vn 0.7881 0.5911 -0.1719
vn 0.6909 0.7018 -0.1737
vn 0.6909 0.7018 -0.1736
vn 0.5839 0.7934 -0.1718
vn 0.5810 0.8002 -0.1485
vn 0.4641 0.8733 -0.1483
vn 0.4643 0.8733 -0.1478
vn 0.3328 0.9319 -0.1442
vn 0.3300 0.9349 -0.1306
vn 0.1902 0.9732 -0.1296
vn 0.1978 0.9667 -0.1621
vn 0.0548 0.9848 -0.1650
vn 0.0440 0.9912 -0.1246
vn -0.1010 0.9871 -0.1239
vn -0.0887 0.9820 -0.1669
vn -0.2312 0.9580 -0.1693
vn -0.2430 0.9612 -0.1308
vn -0.3757 0.9175 -0.1306
vn -0.3759 0.9175 -0.1296
vn -0.5088 0.8515 -0.1270
vn -0.5022 0.8519 -0.1486
vn -0.6232 0.7679 -0.1483
vn -0.6325 0.7657 -0.1165
vn -0.7293 0.6741 -0.1170
vn -0.7292 0.6741 -0.1175
vn -0.8231 0.5561 -0.1153
vn -0.8142 0.5611 -0.1491
vn -0.8890 0.4334 -0.1476
vn -0.8934 0.4301 -0.1299
vn -0.9449 0.3001 -0.1306
vn -0.9474 0.2974 -0.1184
vn -0.9804 0.1542 -0.1226
vn -0.9793 0.1558 -0.1289
vn -0.9922 0.0111 -0.1245
vn -0.9922 0.0110 -0.1240
vn -0.9833 -0.1341 -0.1229
vn -0.9828 -0.1325 -0.1284
vn -0.9521 -0.2768 -0.1302
vn -0.9493 -0.2649 -0.1693
vn -0.8987 -0.4055 -0.1670
vn -0.8996 -0.4170 -0.1295
vn -0.8355 -0.5348 -0.1264
vn -0.8361 -0.5281 -0.1485
vn -0.7423 -0.6537 -0.1473
vn -0.7439 -0.6452 -0.1741
vn -0.6391 -0.7493 -0.1736
vn -0.6364 -0.7572 -0.1470
vn -0.5330 -0.8331 -0.1479
vn -0.5297 -0.8386 -0.1272
vn -0.3986 -0.9078 -0.1304
vn -0.2562 -0.9578 -0.1304
vn -0.2625 -0.9519 -0.1583
vn -0.1210 -0.9791 -0.1632
vn 0.0222 -0.9862 -0.1644
vn 0.1658 -0.9727 -0.1621
vn 0.1755 -0.9760 -0.1286
vn 0.3104 -0.9417 -0.1300
vn 0.3100 -0.9417 -0.1311
vn 0.4434 -0.8869 -0.1297
vn 0.4382 -0.8868 -0.1466
vn 0.5664 -0.8107 -0.1481
vn 0.5591 -0.8114 -0.1706
vn 0.6740 -0.7181 -0.1734
vn 0.6829 -0.7160 -0.1450
vn 0.7723 -0.6178 -0.1480
vn 0.7724 -0.6178 -0.1477
vn 0.8538 -0.4990 -0.1483
vn 0.8591 -0.4956 -0.1280
vn 0.9213 -0.3663 -0.1304
vn 0.9213 -0.3663 -0.1308
vn 0.9663 -0.2221 -0.1300
vn 0.9602 -0.2291 -0.1600
vn 0.9825 -0.0883 -0.1638
vn 0.9280 -0.0834 -0.3631
vn 0.9294 0.0634 -0.3637
vn 0.9285 0.0626 -0.3660
vn 0.9113 0.1907 -0.3649
vn 0.9066 0.1854 -0.3790
vn 0.8694 0.3143 -0.3812
vn 0.8751 0.3229 -0.3605
vn 0.8183 0.4463 -0.3622
vn 0.8149 0.4388 -0.3788
vn 0.7381 0.5590 -0.3778
vn 0.7390 0.5620 -0.3715
vn 0.6513 0.6617 -0.3714
vn 0.6514 0.6617 -0.3713
vn 0.5487 0.7491 -0.3711
vn 0.5487 0.7456 -0.3781
vn 0.4432 0.8126 -0.3786
vn 0.4405 0.8285 -0.3456
vn 0.3092 0.8851 -0.3478
vn 0.3125 0.8751 -0.3696
vn 0.1800 0.9106 -0.3720
vn 0.1785 0.9136 -0.3653
vn 0.0531 0.9291 -0.3659
vn 0.0517 0.9308 -0.3620
vn -0.0947 0.9257 -0.3663
vn -0.2234 0.9044 -0.3636
vn -0.2170 0.8991 -0.3801
vn -0.3542 0.8543 -0.3805
vn -0.3482 0.8508 -0.3935
vn -0.4656 0.7937 -0.3915
vn -0.4770 0.7984 -0.3674
vn -0.5850 0.7207 -0.3720
vn -0.6880 0.6245 -0.3696
vn -0.6743 0.6230 -0.3965
vn -0.7533 0.5231 -0.3985
vn -0.7733 0.5224 -0.3593
vn -0.8419 0.3999 -0.3624
vn -0.8264 0.4029 -0.3934
vn -0.8749 0.2846 -0.3918
vn -0.8851 0.2812 -0.3708
vn -0.9183 0.1372 -0.3713
vn -0.9077 0.1428 -0.3946
vn -0.9169 0.0208 -0.3986
vn -0.9313 0.0105 -0.3640
vn -0.9220 -0.1257 -0.3662
vn -0.8964 -0.2561 -0.3619
vn -0.9005 -0.2618 -0.3473
vn -0.8511 -0.3936 -0.3474
vn -0.8444 -0.3810 -0.3765
vn -0.7810 -0.4960 -0.3795
vn -0.7828 -0.5010 -0.3690
vn -0.6972 -0.6129 -0.3718
vn -0.6975 -0.6143 -0.3689
vn -0.6075 -0.7018 -0.3721
vn -0.6083 -0.7126 -0.3494
vn -0.4898 -0.7987 -0.3496
vn -0.4922 -0.7690 -0.4079
vn -0.3748 -0.8328 -0.4074
vn -0.3718 -0.8470 -0.3799
vn -0.2415 -0.8926 -0.3808
vn -0.2398 -0.8968 -0.3718
vn -0.1165 -0.9214 -0.3707
vn -0.1143 -0.9251 -0.3620
vn 0.0212 -0.9310 -0.3643
vn 0.0209 -0.9307 -0.3651
vn 0.1581 -0.9172 -0.3658
vn 0.1560 -0.9152 -0.3717
vn 0.2842 -0.8842 -0.3707
vn 0.2935 -0.8905 -0.3477
vn 0.4284 -0.8348 -0.3458
vn 0.4140 -0.8281 -0.3780
vn 0.5225 -0.7634 -0.3798
vn 0.5364 -0.7678 -0.3503
vn 0.6415 -0.6838 -0.3478
vn 0.6420 -0.6840 -0.3465
vn 0.7393 -0.5787 -0.3443
vn 0.7230 -0.5785 -0.3776
vn 0.8008 -0.4636 -0.3793
vn 0.7944 -0.4643 -0.3916
vn 0.8529 -0.3432 -0.3934
vn 0.8593 -0.3417 -0.3805
vn 0.9010 -0.2095 -0.3799
vn 0.9046 -0.2080 -0.3721
vn 0.9253 -0.0851 -0.3695
vn 0.7978 -0.0734 -0.5984
vn 0.7991 0.0465 -0.5994
vn 0.8153 0.0556 -0.5763
vn 0.7990 0.1712 -0.5764
vn 0.7920 0.1658 -0.5876
vn 0.7617 0.2727 -0.5877
vn 0.7656 0.2767 -0.5807
vn 0.7141 0.3907 -0.5809
vn 0.7128 0.3887 -0.5838
vn 0.6481 0.4884 -0.5843
vn 0.6500 0.4922 -0.5790
vn 0.5727 0.5823 -0.5770
vn 0.5726 0.5818 -0.5776
vn 0.4847 0.6560 -0.5786
vn 0.4861 0.6638 -0.5684
vn 0.3826 0.7270 -0.5701
vn 0.3816 0.6996 -0.6042
vn 0.2684 0.7495 -0.6052
vn 0.2668 0.7637 -0.5879
vn 0.1607 0.7930 -0.5876
vn 0.1584 0.8018 -0.5763
vn 0.0380 0.8172 -0.5750
vn 0.0454 0.7992 -0.5994
vn -0.0754 0.7979 -0.5980
vn -0.0829 0.8105 -0.5798
vn -0.1969 0.7889 -0.5822
vn -0.1941 0.7854 -0.5878
vn -0.3043 0.7511 -0.5858
vn -0.3155 0.7609 -0.5670
vn -0.4195 0.7058 -0.5709
vn -0.4110 0.7003 -0.5837
vn -0.5099 0.6326 -0.5829
vn -0.5156 0.6353 -0.5749
vn -0.6053 0.5485 -0.5769
vn -0.6038 0.5481 -0.5788
vn -0.6762 0.4572 -0.5777
vn -0.6533 0.4537 -0.6061
vn -0.7140 0.3524 -0.6050
vn -0.7419 0.3524 -0.5704
vn -0.7856 0.2395 -0.5705
vn -0.7516 0.2445 -0.6126
vn -0.7808 0.1286 -0.6113
vn -0.8075 0.1207 -0.5773
vn -0.8187 0.0096 -0.5741
vn -0.8003 0.0182 -0.5993
vn -0.7934 -0.1015 -0.6001
vn -0.8064 -0.1100 -0.5810
vn -0.7811 -0.2286 -0.5811
vn -0.7723 -0.2206 -0.5957
vn -0.7330 -0.3289 -0.5954
vn -0.7465 -0.3453 -0.5688
vn -0.6908 -0.4447 -0.5701
vn -0.6847 -0.4349 -0.5848
vn -0.6121 -0.5354 -0.5820
vn -0.6137 -0.5394 -0.5765
vn -0.5288 -0.6233 -0.5761
vn -0.5241 -0.6054 -0.5991
vn -0.4312 -0.6745 -0.5992
vn -0.4348 -0.7091 -0.5551
vn -0.3284 -0.7636 -0.5559
vn -0.3297 -0.7327 -0.5953
vn -0.2145 -0.7742 -0.5955
vn -0.2125 -0.7853 -0.5816
vn -0.1045 -0.8073 -0.5808
vn -0.1027 -0.8122 -0.5743
vn 0.0286 -0.8196 -0.5723
vn 0.0182 -0.7994 -0.6005
vn 0.1301 -0.7901 -0.5991
vn 0.1382 -0.8015 -0.5818
vn 0.2575 -0.7728 -0.5801
vn 0.2438 -0.7584 -0.6044
vn 0.3523 -0.7138 -0.6053
vn 0.3753 -0.7314 -0.5694
vn 0.4716 -0.6738 -0.5688
vn 0.4550 -0.6644 -0.5929
vn 0.5486 -0.5858 -0.5965
vn 0.5495 -0.5862 -0.5953
vn 0.6301 -0.4985 -0.5954
vn 0.6394 -0.5004 -0.5838
vn 0.7045 -0.4039 -0.5836
vn 0.6964 -0.4032 -0.5937
vn 0.7472 -0.3027 -0.5916
vn 0.7514 -0.3024 -0.5865
vn 0.7867 -0.1873 -0.5882
vn 0.7963 -0.1852 -0.5759
vn 0.8142 -0.0671 -0.5767
vn 0.6172 -0.0508 -0.7852
vn 0.6204 0.0374 -0.7834
vn 0.6169 0.0359 -0.7862
vn 0.6063 0.1273 -0.7850
vn 0.6128 0.1313 -0.7792
vn 0.5902 0.2119 -0.7789
vn 0.5891 0.2109 -0.7801
vn 0.5476 0.2998 -0.7812
vn 0.5466 0.2988 -0.7823
vn 0.4998 0.3730 -0.7817
vn 0.5048 0.3805 -0.7748
vn 0.4435 0.4512 -0.7744
vn 0.4431 0.4505 -0.7750
vn 0.3732 0.5103 -0.7748
vn 0.3706 0.5014 -0.7819
vn 0.2906 0.5514 -0.7820
vn 0.2908 0.5525 -0.7812
vn 0.2114 0.5892 -0.7798
vn 0.2114 0.5904 -0.7789
vn 0.1201 0.6156 -0.7788
vn 0.1221 0.6028 -0.7885
vn 0.0296 0.6161 -0.7871
vn 0.0288 0.6194 -0.7846
vn -0.0602 0.6183 -0.7837
vn -0.0578 0.6133 -0.7877
vn -0.1478 0.5986 -0.7873
vn -0.1507 0.6027 -0.7836
vn -0.2319 0.5760 -0.7839
vn -0.2347 0.5791 -0.7807
vn -0.3244 0.5357 -0.7796
vn -0.3129 0.5262 -0.7907
vn -0.3825 0.4782 -0.7906
vn -0.3881 0.4815 -0.7858
vn -0.4558 0.4184 -0.7856
vn -0.4667 0.4229 -0.7768
vn -0.5190 0.3535 -0.7783
vn -0.5253 0.3551 -0.7733
vn -0.5711 0.2742 -0.7737
vn -0.5514 0.2721 -0.7886
vn -0.5856 0.1853 -0.7892
vn -0.6047 0.1844 -0.7748
vn -0.6240 0.0989 -0.7752
vn -0.6132 0.1010 -0.7834
vn -0.6194 0.0075 -0.7851
vn -0.6199 0.0073 -0.7847
vn -0.6150 -0.0815 -0.7843
vn -0.6076 -0.0777 -0.7904
vn -0.5885 -0.1692 -0.7906
vn -0.5955 -0.1743 -0.7843
vn -0.5667 -0.2569 -0.7828
vn -0.5618 -0.2521 -0.7879
vn -0.5184 -0.3333 -0.7875
vn -0.5194 -0.3345 -0.7863
vn -0.4642 -0.4053 -0.7876
vn -0.4649 -0.4068 -0.7864
vn -0.4035 -0.4707 -0.7846
vn -0.4067 -0.4794 -0.7777
vn -0.3346 -0.5323 -0.7776
vn -0.3317 -0.5189 -0.7879
vn -0.2515 -0.5621 -0.7879
vn -0.2532 -0.5883 -0.7680
vn -0.1699 -0.6180 -0.7676
vn -0.1701 -0.6140 -0.7708
vn -0.0760 -0.6308 -0.7722
vn -0.0796 -0.6151 -0.7844
vn 0.0149 -0.6201 -0.7844
vn 0.0223 -0.6386 -0.7693
vn 0.1075 -0.6294 -0.7696
vn 0.1021 -0.6199 -0.7780
vn 0.1963 -0.5951 -0.7793
vn 0.2001 -0.6002 -0.7744
vn 0.2832 -0.5663 -0.7740
vn 0.2762 -0.5598 -0.7813
vn 0.3556 -0.5112 -0.7824
vn 0.3600 -0.5143 -0.7784
vn 0.4341 -0.4572 -0.7762
vn 0.4228 -0.4514 -0.7858
vn 0.4830 -0.3864 -0.7857
vn 0.4925 -0.3896 -0.7782
vn 0.5477 -0.3119 -0.7764
vn 0.5426 -0.3110 -0.7803
vn 0.5793 -0.2332 -0.7810
vn 0.5755 -0.2331 -0.7839
vn 0.6053 -0.1420 -0.7832
vn 0.5993 -0.1427 -0.7877
vn 0.6138 -0.0518 -0.7878
vn 0.4469 -0.0377 -0.8938
vn 0.4471 0.0224 -0.8942
vn 0.4607 0.0278 -0.8871
vn 0.4507 0.0982 -0.8872
vn 0.4411 0.0926 -0.8926
vn 0.4240 0.1526 -0.8927
vn 0.4230 0.1518 -0.8933
vn 0.3928 0.2188 -0.8932
vn 0.3862 0.2116 -0.8978
vn 0.3526 0.2645 -0.8976
vn 0.3508 0.2618 -0.8991
vn 0.3091 0.3092 -0.8994
vn 0.3142 0.3196 -0.8939
vn 0.2657 0.3599 -0.8944
vn 0.2678 0.3661 -0.8912
vn 0.2127 0.4024 -0.8904
vn 0.2130 0.4041 -0.8896
vn 0.1523 0.4288 -0.8905
vn 0.1522 0.4241 -0.8927
vn 0.0852 0.4431 -0.8924
vn 0.0857 0.4393 -0.8942
vn 0.0223 0.4455 -0.8950
vn 0.0216 0.4479 -0.8938
vn -0.0390 0.4455 -0.8945
vn -0.0447 0.4585 -0.8876
vn -0.1163 0.4478 -0.8866
vn -0.1070 0.4331 -0.8950
vn -0.1673 0.4127 -0.8954
vn -0.1651 0.4102 -0.8969
vn -0.2257 0.3801 -0.8970
vn -0.2350 0.3880 -0.8912
vn -0.2855 0.3540 -0.8906
vn -0.2808 0.3509 -0.8933
vn -0.3315 0.3034 -0.8933
vn -0.3296 0.3025 -0.8943
vn -0.3704 0.2526 -0.8939
vn -0.3710 0.2527 -0.8936
vn -0.4037 0.1963 -0.8936
vn -0.4107 0.1972 -0.8902
vn -0.4346 0.1373 -0.8901
vn -0.4341 0.1373 -0.8903
vn -0.4501 0.0684 -0.8904
vn -0.4410 0.0699 -0.8948
vn -0.4468 0.0056 -0.8946
vn -0.4474 0.0054 -0.8943
vn -0.4445 -0.0563 -0.8940
vn -0.4519 -0.0599 -0.8900
vn -0.4369 -0.1248 -0.8908
vn -0.4389 -0.1262 -0.8897
vn -0.4147 -0.1875 -0.8904
vn -0.4159 -0.1885 -0.8897
vn -0.3847 -0.2467 -0.8895
vn -0.3856 -0.2479 -0.8888
vn -0.3433 -0.3032 -0.8889
vn -0.3391 -0.2960 -0.8930
vn -0.2911 -0.3415 -0.8937
vn -0.2897 -0.3380 -0.8954
vn -0.2376 -0.3758 -0.8957
vn -0.2385 -0.3795 -0.8939
vn -0.1807 -0.4123 -0.8929
vn -0.1798 -0.4018 -0.8979
vn -0.1161 -0.4258 -0.8973
vn -0.1163 -0.4229 -0.8987
vn -0.0552 -0.4365 -0.8980
vn -0.0536 -0.4442 -0.8943
vn 0.0112 -0.4472 -0.8944
vn 0.0107 -0.4460 -0.8950
vn 0.0778 -0.4398 -0.8947
vn 0.0738 -0.4325 -0.8986
vn 0.1326 -0.4191 -0.8982
vn 0.1424 -0.4327 -0.8902
vn 0.2063 -0.4069 -0.8899
vn 0.2006 -0.4013 -0.8937
vn 0.2569 -0.3685 -0.8934
vn 0.2559 -0.3678 -0.8940
vn 0.3081 -0.3249 -0.8942
vn 0.3092 -0.3255 -0.8936
vn 0.3495 -0.2819 -0.8935
vn 0.3550 -0.2840 -0.8907
vn 0.3925 -0.2275 -0.8912
vn 0.4038 -0.2299 -0.8855
vn 0.4333 -0.1675 -0.8855
vn 0.4134 -0.1664 -0.8952
vn 0.4332 -0.1069 -0.8950
vn 0.4496 -0.1055 -0.8870
vn 0.4599 -0.0345 -0.8873
vn 0.2425 -0.0182 -0.9700
vn 0.2425 0.0126 -0.9701
vn 0.2411 0.0121 -0.9704
vn 0.2362 0.0511 -0.9704
vn 0.2373 0.0517 -0.9701
vn 0.2280 0.0823 -0.9702
vn 0.2274 0.0819 -0.9703
vn 0.2115 0.1168 -0.9704
vn 0.2136 0.1190 -0.9697
vn 0.1952 0.1472 -0.9697
vn 0.1940 0.1455 -0.9701
vn 0.1712 0.1712 -0.9702
vn 0.1427 0.1965 -0.9701
vn 0.1407 0.1905 -0.9716
vn 0.1119 0.2083 -0.9716
vn 0.1128 0.2134 -0.9704
vn 0.0821 0.2273 -0.9704
vn 0.0822 0.2314 -0.9694
vn 0.0481 0.2404 -0.9695
vn 0.0474 0.2464 -0.9680
vn 0.0099 0.2512 -0.9679
vn 0.0121 0.2430 -0.9700
vn -0.0223 0.2416 -0.9701
vn -0.0209 0.2384 -0.9709
vn -0.0584 0.2307 -0.9713
vn -0.0609 0.2346 -0.9702
vn -0.0902 0.2256 -0.9700
vn -0.0926 0.2284 -0.9692
vn -0.1250 0.2115 -0.9694
vn -0.1264 0.2128 -0.9689
vn -0.1577 0.1898 -0.9691
vn -0.1483 0.1839 -0.9717
vn -0.1729 0.1606 -0.9718
vn -0.1779 0.1628 -0.9705
vn -0.1992 0.1359 -0.9705
vn -0.1995 0.1360 -0.9704
vn -0.2178 0.1041 -0.9704
vn -0.2129 0.1035 -0.9716
vn -0.2256 0.0711 -0.9716
vn -0.2252 0.0711 -0.9717
vn -0.2336 0.0374 -0.9716
vn -0.2395 0.0364 -0.9702
vn -0.2423 0.0031 -0.9702
vn -0.2427 0.0030 -0.9701
vn -0.2412 -0.0322 -0.9700
vn -0.2365 -0.0299 -0.9712
vn -0.2292 -0.0651 -0.9712
vn -0.2304 -0.0658 -0.9709
vn -0.2190 -0.0984 -0.9707
vn -0.2203 -0.0996 -0.9703
vn -0.2025 -0.1309 -0.9705
vn -0.2010 -0.1290 -0.9711
vn -0.1804 -0.1583 -0.9708
vn -0.1818 -0.1606 -0.9701
vn -0.1585 -0.1839 -0.9701
vn -0.1602 -0.1880 -0.9690
vn -0.1294 -0.2102 -0.9690
vn -0.1273 -0.2013 -0.9712
vn -0.0961 -0.2169 -0.9715
vn -0.0963 -0.2197 -0.9708
vn -0.0634 -0.2315 -0.9708
vn -0.0633 -0.2321 -0.9706
vn -0.0312 -0.2375 -0.9709
vn -0.0305 -0.2412 -0.9700
vn 0.0063 -0.2428 -0.9701
vn 0.0060 -0.2421 -0.9702
vn 0.0414 -0.2391 -0.9701
vn 0.0428 -0.2417 -0.9694
vn 0.0766 -0.2329 -0.9695
vn 0.0712 -0.2256 -0.9716
vn 0.1062 -0.2122 -0.9714
vn 0.1090 -0.2150 -0.9705
vn 0.1361 -0.1995 -0.9704
vn 0.1423 -0.2042 -0.9685
vn 0.1725 -0.1791 -0.9686
vn 0.1669 -0.1760 -0.9701
vn 0.1890 -0.1512 -0.9703
vn 0.1862 -0.1502 -0.9710
vn 0.2076 -0.1195 -0.9709
vn 0.2054 -0.1191 -0.9714
vn 0.2213 -0.0873 -0.9713
vn 0.2264 -0.0875 -0.9701
vn 0.2356 -0.0573 -0.9701
vn 0.2331 -0.0575 -0.9707
vn 0.2395 -0.0189 -0.9707
vt 0.906977 0.500000
vt 0.944149 0.210569
vt 0.944149 0.240650
vt 0.944149 0.200813
vt 0.944149 0.350406
vt 0.944149 0.422764
vt 0.944149 0.288618
vt 0.944149 0.577236
vt 0.944149 0.649593
vt 0.944149 0.500000
vt 0.944149 0.759350
vt 0.944149 0.789431
vt 0.944149 0.711382
vt 0.944149 0.799187
vt 1.000000 0.200813
vt 1.000000 0.210569
vt 1.000000 0.240650
vt 1.000000 0.288618
vt 1.000000 0.350406
vt 1.000000 0.422764
vt 1.000000 0.500000
vt 1.000000 0.577236
vt 1.000000 0.649593
vt 1.000000 0.711382
vt 1.000000 0.759350
vt 1.000000 0.789431
vt 1.000000 0.799187
vt 1.000000 0.185366
vt 1.000000 0.248780
vt 1.000000 0.325203
vt 1.000000 0.410569
vt 1.000000 0.589431
vt 1.000000 0.674797
vt 1.000000 0.751220
vt 1.000000 0.814634
vt 1.000000 0.862602
vt 1.000000 0.892683
vt 1.000000 0.902439
vt 1.000000 0.137398
vt 1.000000 0.107317
vt 1.000000 0.097561
vt 0.041934 0.106504
vt 0.041934 0.108130
vt 0.041934 0.132520
vt 0.041934 0.138211
vt 0.041934 0.173984
vt 0.041934 0.186179
vt 0.041934 0.230894
vt 0.041934 0.249593
vt 0.041934 0.298374
vt 0.041934 0.326016
vt 0.041934 0.375610
vt 0.041934 0.410569
vt 0.041934 0.457724
vt 0.041934 0.500000
vt 0.041934 0.542276
vt 0.041934 0.589431
vt 0.041934 0.624390
vt 0.041934 0.673984
vt 0.041934 0.701626
vt 0.041934 0.750407
vt 0.041934 0.769106
vt 0.041934 0.813821
vt 0.041934 0.826016
vt 0.041934 0.861789
vt 0.041934 0.867480
vt 0.041934 0.891870
vt 0.041934 0.893496
vt 0.041934 0.902439
vt 0.041934 0.097561
vt 0.034792 0.917886
vt 0.034792 0.935772
vt 0.034792 0.947154
vt 0.034792 0.952033
vt 0.034792 0.957724
vt 0.034792 0.910569
vt 0.034792 0.876423
vt 0.034792 0.869919
vt 0.034792 0.834146
vt 0.034792 0.805691
vt 0.034792 0.784553
vt 0.034792 0.729268
vt 0.034792 0.669106
vt 0.034792 0.641463
vt 0.034792 0.605691
vt 0.034792 0.547967
vt 0.034792 0.539024
vt 0.034792 0.472358
vt 0.034792 0.452033
vt 0.034792 0.405691
vt 0.034792 0.358537
vt 0.034792 0.341463
vt 0.034792 0.280488
vt 0.034792 0.271545
vt 0.034792 0.224390
vt 0.034792 0.194309
vt 0.034792 0.173984
vt 0.034792 0.130894
vt 0.034792 0.129268
vt 0.034792 0.095122
vt 0.034792 0.042276
vt 0.034792 0.050407
vt 0.034792 0.052033
vt 0.034792 0.068293
vt 0.034792 0.082114
vt 0.034792 0.043089
vt 0.034792 0.043902
vt 0.034792 0.052846
vt 0.034792 0.055285
vt 0.034792 0.075610
vt 0.034792 0.105691
vt 0.034792 0.130081
vt 0.034792 0.143902
vt 0.034792 0.190244
vt 0.034792 0.193496
vt 0.034792 0.242276
vt 0.034792 0.300000
vt 0.034792 0.362602
vt 0.034792 0.427642
vt 0.034792 0.494309
vt 0.034792 0.560976
vt 0.034792 0.626016
vt 0.034792 0.689431
vt 0.034792 0.728455
vt 0.034792 0.747967
vt 0.034792 0.801626
vt 0.034792 0.806504
vt 0.034792 0.848781
vt 0.034792 0.887805
vt 0.034792 0.918699
vt 0.034792 0.919512
vt 0.034792 0.941463
vt 0.034792 0.954472
vt 0.034792 0.958537
vt 0.033693 0.882114
vt 0.033693 0.917073
vt 0.033693 0.943089
vt 0.033693 0.959350
vt 0.033693 0.839837
vt 0.033693 0.789431
vt 0.033693 0.733333
vt 0.033693 0.672358
vt 0.033693 0.607317
vt 0.033693 0.539837
vt 0.033693 0.471545
vt 0.033693 0.277236
vt 0.033693 0.339024
vt 0.033693 0.404878
vt 0.033693 0.220325
vt 0.033693 0.169106
vt 0.033693 0.124390
vt 0.033693 0.088618
vt 0.033693 0.060976
vt 0.033693 0.043089
vt 0.033693 0.034959
vt 0.033693 0.069106
vt 0.033693 0.047967
vt 0.033693 0.036585
vt 0.033693 0.099187
vt 0.033693 0.138211
vt 0.033693 0.184553
vt 0.033693 0.296748
vt 0.033693 0.238211
vt 0.033693 0.426016
vt 0.033693 0.360163
vt 0.033693 0.494309
vt 0.033693 0.561789
vt 0.033693 0.628455
vt 0.033693 0.806504
vt 0.033693 0.752033
vt 0.033693 0.692683
vt 0.033693 0.854472
vt 0.033693 0.894309
vt 0.033693 0.926829
vt 0.033693 0.949593
vt 0.033693 0.965854
vt 0.033693 0.962602
vt 0.000000 0.490244
vt 0.000000 0.473984
vt 0.000000 0.500000
vt 0.000000 0.536585
vt 0.000000 0.535772
vt 0.000000 0.597561
vt 0.000000 0.595935
vt 0.000000 0.656911
vt 0.000000 0.654472
vt 0.000000 0.713008
vt 0.000000 0.708943
vt 0.000000 0.764228
vt 0.000000 0.759350
vt 0.000000 0.809756
vt 0.000000 0.804065
vt 0.000000 0.849594
vt 0.000000 0.843089
vt 0.000000 0.881301
vt 0.000000 0.873984
vt 0.000000 0.904065
vt 0.000000 0.896748
vt 0.000000 0.919512
vt 0.000000 0.911382
vt 0.000000 0.925203
vt 0.000000 0.917886
vt 0.000000 0.922764
vt 0.000000 0.914634
vt 0.000000 0.910569
vt 0.000000 0.902439
vt 0.000000 0.889431
vt 0.000000 0.882114
vt 0.000000 0.860163
vt 0.000000 0.853659
vt 0.000000 0.823577
vt 0.000000 0.817886
vt 0.000000 0.779675
vt 0.000000 0.774797
vt 0.000000 0.730081
vt 0.000000 0.726016
vt 0.000000 0.675610
vt 0.000000 0.672358
vt 0.000000 0.617073
vt 0.000000 0.615447
vt 0.000000 0.556911
vt 0.000000 0.555285
vt 0.000000 0.494309
vt 0.000000 0.454472
vt 0.000000 0.432520
vt 0.000000 0.434146
vt 0.000000 0.409756
vt 0.000000 0.372358
vt 0.000000 0.374797
vt 0.000000 0.314634
vt 0.000000 0.317886
vt 0.000000 0.324390
vt 0.000000 0.366667
vt 0.000000 0.284553
vt 0.000000 0.260976
vt 0.000000 0.265041
vt 0.000000 0.247967
vt 0.000000 0.212195
vt 0.000000 0.217073
vt 0.000000 0.169106
vt 0.000000 0.175610
vt 0.000000 0.182114
vt 0.000000 0.213821
vt 0.000000 0.155285
vt 0.000000 0.134146
vt 0.000000 0.141463
vt 0.000000 0.106504
vt 0.000000 0.086992
vt 0.000000 0.098374
vt 0.000000 0.113008
vt 0.000000 0.113821
vt 0.000000 0.131707
vt 0.000000 0.082927
vt 0.000000 0.084553
vt 0.000000 0.076423
vt 0.000000 0.087805
vt 0.000000 0.095122
vt 0.000000 0.074797
vt 0.000000 0.091057
vt 0.000000 0.095935
vt 0.000000 0.099187
vt 0.000000 0.124390
vt 0.000000 0.130894
vt 0.000000 0.128455
vt 0.000000 0.110569
vt 0.000000 0.151220
vt 0.000000 0.156911
vt 0.000000 0.163415
vt 0.000000 0.178049
vt 0.000000 0.197561
vt 0.000000 0.203252
vt 0.000000 0.243902
vt 0.000000 0.248780
vt 0.000000 0.243089
vt 0.000000 0.208943
vt 0.000000 0.279675
vt 0.000000 0.296748
vt 0.000000 0.300813
vt 0.000000 0.318699
vt 0.000000 0.352846
vt 0.000000 0.356098
vt 0.000000 0.413008
vt 0.000000 0.403252
vt 0.000000 0.360163
vt 0.000000 0.474797
vt 0.000000 0.447154
vt 0.000000 0.414634
vt 0.030580 0.493496
vt 0.030580 0.564228
vt 0.030580 0.632520
vt 0.030580 0.698374
vt 0.030580 0.760163
vt 0.030580 0.816260
vt 0.030580 0.865854
vt 0.030580 0.907317
vt 0.030580 0.939837
vt 0.030580 0.963415
vt 0.030580 0.977236
vt 0.030580 0.980488
vt 0.030580 0.973984
vt 0.030580 0.956911
vt 0.030580 0.930081
vt 0.030580 0.894309
vt 0.030580 0.850407
vt 0.030580 0.798374
vt 0.030580 0.740650
vt 0.030580 0.677236
vt 0.030580 0.610569
vt 0.030580 0.541463
vt 0.030580 0.470732
vt 0.030580 0.401626
vt 0.030580 0.334146
vt 0.030580 0.269919
vt 0.030580 0.211382
vt 0.030580 0.158537
vt 0.030580 0.113008
vt 0.030580 0.075610
vt 0.030580 0.047154
vt 0.030580 0.028455
vt 0.030580 0.020325
vt 0.030580 0.021951
vt 0.030580 0.033333
vt 0.030580 0.055285
vt 0.030580 0.086179
vt 0.030580 0.126829
vt 0.030580 0.174797
vt 0.030580 0.230081
vt 0.030580 0.290244
vt 0.030580 0.355285
vt 0.030580 0.423577
vt 0.026918 0.493496
vt 0.026918 0.565041
vt 0.026918 0.635772
vt 0.026918 0.703252
vt 0.026918 0.765854
vt 0.026918 0.823577
vt 0.026918 0.873984
vt 0.026918 0.916260
vt 0.026918 0.949593
vt 0.026918 0.973984
vt 0.026918 0.987805
vt 0.026918 0.991870
vt 0.026918 0.984553
vt 0.026918 0.967480
vt 0.026918 0.939837
vt 0.026918 0.903252
vt 0.026918 0.858537
vt 0.026918 0.805691
vt 0.026918 0.746341
vt 0.026918 0.681301
vt 0.026918 0.613008
vt 0.026918 0.542276
vt 0.026918 0.470732
vt 0.026918 0.399187
vt 0.026918 0.330081
vt 0.026918 0.265041
vt 0.026918 0.204878
vt 0.026918 0.150407
vt 0.026918 0.104065
vt 0.026918 0.065854
vt 0.026918 0.036585
vt 0.026918 0.017886
vt 0.026918 0.008943
vt 0.026918 0.010569
vt 0.026918 0.022764
vt 0.026918 0.044715
vt 0.026918 0.077236
vt 0.026918 0.117886
vt 0.026918 0.167480
vt 0.026918 0.223577
vt 0.026918 0.285366
vt 0.026918 0.352033
vt 0.026918 0.421951
vt 0.022706 0.493496
vt 0.022706 0.566667
vt 0.022706 0.637398
vt 0.022706 0.705691
vt 0.022706 0.769919
vt 0.022706 0.827642
vt 0.022706 0.878862
vt 0.022706 0.921951
vt 0.022706 0.956098
vt 0.022706 0.980488
vt 0.022706 0.994309
vt 0.022706 0.998374
vt 0.022706 0.991057
vt 0.022706 0.973984
vt 0.022706 0.946341
vt 0.022706 0.908943
vt 0.022706 0.863415
vt 0.022706 0.809756
vt 0.022706 0.749593
vt 0.022706 0.683740
vt 0.022706 0.614634
vt 0.022706 0.543089
vt 0.022706 0.469919
vt 0.022706 0.397561
vt 0.022706 0.327642
vt 0.022706 0.261789
vt 0.022706 0.200813
vt 0.022706 0.145528
vt 0.022706 0.098374
vt 0.022706 0.059350
vt 0.022706 0.030081
vt 0.022706 0.011382
vt 0.022706 0.002439
vt 0.022706 0.004065
vt 0.022706 0.016260
vt 0.022706 0.039024
vt 0.022706 0.071545
vt 0.022706 0.113008
vt 0.022706 0.162602
vt 0.022706 0.219512
vt 0.022706 0.282927
vt 0.022706 0.350406
vt 0.022706 0.421138
vt 0.018129 0.493496
vt 0.018129 0.566667
vt 0.018129 0.638211
vt 0.018129 0.706504
vt 0.018129 0.770732
vt 0.018129 0.829268
vt 0.018129 0.880488
vt 0.018129 0.923577
vt 0.018129 0.957724
vt 0.018129 0.982114
vt 0.018129 0.996748
vt 0.018129 1.000000
vt 0.018129 0.993496
vt 0.018129 0.975610
vt 0.018129 0.947967
vt 0.018129 0.910569
vt 0.018129 0.864228
vt 0.018129 0.810569
vt 0.018129 0.750407
vt 0.018129 0.684553
vt 0.018129 0.614634
vt 0.018129 0.543089
vt 0.018129 0.469919
vt 0.018129 0.397561
vt 0.018129 0.327642
vt 0.018129 0.260976
vt 0.018129 0.199187
vt 0.018129 0.143902
vt 0.018129 0.096748
vt 0.018129 0.057724
vt 0.018129 0.028455
vt 0.018129 0.008943
vt 0.018129 0.000000
vt 0.018129 0.001626
vt 0.018129 0.014634
vt 0.018129 0.037398
vt 0.018129 0.069919
vt 0.018129 0.111382
vt 0.018129 0.161789
vt 0.018129 0.218699
vt 0.018129 0.282114
vt 0.018129 0.349593
vt 0.018129 0.421138
vt 0.013734 0.493496
vt 0.013734 0.565854
vt 0.013734 0.637398
vt 0.013734 0.705691
vt 0.013734 0.769106
vt 0.013734 0.826829
vt 0.013734 0.878049
vt 0.013734 0.921138
vt 0.013734 0.955285
vt 0.013734 0.979675
vt 0.013734 0.993496
vt 0.013734 0.997561
vt 0.013734 0.990244
vt 0.013734 0.973171
vt 0.013734 0.945528
vt 0.013734 0.908130
vt 0.013734 0.862602
vt 0.013734 0.808943
vt 0.013734 0.748780
vt 0.013734 0.683740
vt 0.013734 0.614634
vt 0.013734 0.542276
vt 0.013734 0.469919
vt 0.013734 0.398374
vt 0.013734 0.328455
vt 0.013734 0.261789
vt 0.013734 0.200813
vt 0.013734 0.146341
vt 0.013734 0.099187
vt 0.013734 0.060163
vt 0.013734 0.030894
vt 0.013734 0.012195
vt 0.013734 0.003252
vt 0.013734 0.004878
vt 0.013734 0.017073
vt 0.013734 0.039837
vt 0.013734 0.072358
vt 0.013734 0.113821
vt 0.013734 0.163415
vt 0.013734 0.220325
vt 0.013734 0.282927
vt 0.013734 0.350406
vt 0.013734 0.421138
vt 0.009522 0.493496
vt 0.009522 0.565041
vt 0.009522 0.634959
vt 0.009522 0.702439
vt 0.009522 0.765041
vt 0.009522 0.821951
vt 0.009522 0.872358
vt 0.009522 0.914634
vt 0.009522 0.948780
vt 0.009522 0.972358
vt 0.009522 0.986179
vt 0.009522 0.990244
vt 0.009522 0.982927
vt 0.009522 0.965854
vt 0.009522 0.938211
vt 0.009522 0.902439
vt 0.009522 0.856911
vt 0.009522 0.804065
vt 0.009522 0.745528
vt 0.009522 0.680488
vt 0.009522 0.613008
vt 0.009522 0.542276
vt 0.009522 0.470732
vt 0.009522 0.399187
vt 0.009522 0.330894
vt 0.009522 0.265854
vt 0.009522 0.205691
vt 0.009522 0.152033
vt 0.009522 0.104878
vt 0.009522 0.067480
vt 0.009522 0.038211
vt 0.009522 0.019512
vt 0.009522 0.010569
vt 0.009522 0.012195
vt 0.009522 0.024390
vt 0.009522 0.046341
vt 0.009522 0.078862
vt 0.009522 0.119512
vt 0.009522 0.168293
vt 0.009522 0.224390
vt 0.009522 0.286179
vt 0.009522 0.352846
vt 0.009522 0.422764
vt 0.005860 0.493496
vt 0.005860 0.563415
vt 0.005860 0.631707
vt 0.005860 0.697561
vt 0.005860 0.758537
vt 0.005860 0.814634
vt 0.005860 0.863415
vt 0.005860 0.904878
vt 0.005860 0.937398
vt 0.005860 0.960976
vt 0.005860 0.974797
vt 0.005860 0.978049
vt 0.005860 0.971545
vt 0.005860 0.954472
vt 0.005860 0.928455
vt 0.005860 0.892683
vt 0.005860 0.848781
vt 0.005860 0.796748
vt 0.005860 0.739024
vt 0.005860 0.676423
vt 0.005860 0.609756
vt 0.005860 0.540650
vt 0.005860 0.471545
vt 0.005860 0.401626
vt 0.005860 0.334959
vt 0.005860 0.271545
vt 0.005860 0.212195
vt 0.005860 0.160163
vt 0.005860 0.114634
vt 0.005860 0.077236
vt 0.005860 0.049593
vt 0.005860 0.030894
vt 0.005860 0.021951
vt 0.005860 0.024390
vt 0.005860 0.035772
vt 0.005860 0.057724
vt 0.005860 0.088618
vt 0.005860 0.128455
vt 0.005860 0.176423
vt 0.005860 0.230894
vt 0.005860 0.291870
vt 0.005860 0.356098
vt 0.005860 0.424390
vt 0.003113 0.494309
vt 0.003113 0.561789
vt 0.003113 0.627642
vt 0.003113 0.691057
vt 0.003113 0.750407
vt 0.003113 0.804878
vt 0.003113 0.852033
vt 0.003113 0.891870
vt 0.003113 0.923577
vt 0.003113 0.946341
vt 0.003113 0.959350
vt 0.003113 0.962602
vt 0.003113 0.956098
vt 0.003113 0.939837
vt 0.003113 0.914634
vt 0.003113 0.879675
vt 0.003113 0.837398
vt 0.003113 0.787805
vt 0.003113 0.731707
vt 0.003113 0.670732
vt 0.003113 0.606504
vt 0.003113 0.539837
vt 0.003113 0.472358
vt 0.003113 0.404878
vt 0.003113 0.339837
vt 0.003113 0.278862
vt 0.003113 0.221951
vt 0.003113 0.170732
vt 0.003113 0.126829
vt 0.003113 0.091057
vt 0.003113 0.063415
vt 0.003113 0.045528
vt 0.003113 0.037398
vt 0.003113 0.039024
vt 0.003113 0.050407
vt 0.003113 0.071545
vt 0.003113 0.101626
vt 0.003113 0.140650
vt 0.003113 0.186992
vt 0.003113 0.239837
vt 0.003113 0.298374
vt 0.003113 0.360976
vt 0.003113 0.426829
vt 0.001099 0.494309
vt 0.001099 0.559350
vt 0.001099 0.622764
vt 0.001099 0.683740
vt 0.001099 0.740650
vt 0.001099 0.792683
vt 0.001099 0.838211
vt 0.001099 0.877236
vt 0.001099 0.907317
vt 0.001099 0.929268
vt 0.001099 0.941463
vt 0.001099 0.944715
vt 0.001099 0.939024
vt 0.001099 0.922764
vt 0.001099 0.898374
vt 0.001099 0.865041
vt 0.001099 0.824390
vt 0.001099 0.776423
vt 0.001099 0.722764
vt 0.001099 0.664228
vt 0.001099 0.602439
vt 0.001099 0.538211
vt 0.001099 0.473171
vt 0.001099 0.408943
vt 0.001099 0.346341
vt 0.001099 0.286992
vt 0.001099 0.232520
vt 0.001099 0.183740
vt 0.001099 0.141463
vt 0.001099 0.106504
vt 0.001099 0.080488
vt 0.001099 0.063415
vt 0.001099 0.055285
vt 0.001099 0.056911
vt 0.001099 0.068293
vt 0.001099 0.087805
vt 0.001099 0.117073
vt 0.001099 0.154472
vt 0.001099 0.199187
vt 0.001099 0.249593
vt 0.001099 0.305691
vt 0.001099 0.366667
vt 0.001099 0.429268
s 0
f 676/1/1 690/2/1 692/3/1
f 688/4/2 690/2/2 676/1/2
f 676/1/3 696/5/3 698/6/3
f 694/7/4 696/5/4 676/1/4
f 692/3/5 694/7/5 676/1/5
f 676/1/6 699/8/6 697/9/6
f 700/10/7 699/8/7 676/1/7
f 698/6/8 700/10/8 676/1/8
f 676/1/9 693/11/9 691/12/9
f 695/13/10 693/11/10 676/1/10
f 697/9/11 695/13/11 676/1/11
f 676/1/12 687/12/12 685/11/12
f 689/14/13 687/12/13 676/1/13
f 691/12/14 689/14/14 676/1/14
f 676/1/15 681/9/15 679/8/15
f 683/13/16 681/9/16 676/1/16
f 685/11/17 683/13/17 676/1/17
f 676/1/18 678/6/18 680/5/18
f 677/10/19 678/6/19 676/1/19
f 679/8/20 677/10/20 676/1/20
f 676/1/21 684/3/21 686/2/21
f 682/7/22 684/3/22 676/1/22
f 680/5/23 682/7/23 676/1/23
f 686/2/24 688/4/24 676/1/24
f 688/4/25 726/15/25 690/2/25
f 690/2/26 726/15/26 729/16/26
f 690/2/27 729/16/27 692/3/27
f 692/3/27 729/16/27 733/17/27
f 692/3/28 733/17/28 694/7/28
f 694/7/28 733/17/28 737/18/28
f 694/7/29 737/18/29 696/5/29
f 696/5/29 737/18/29 741/19/29
f 696/5/30 741/19/30 698/6/30
f 698/6/30 741/19/30 743/20/30
f 698/6/31 743/20/31 700/10/31
f 700/10/31 743/20/31 745/21/31
f 700/10/32 745/21/32 699/8/32
f 699/8/32 745/21/32 744/22/32
f 699/8/33 744/22/33 697/9/33
f 697/9/33 744/22/33 742/23/33
f 697/9/34 742/23/34 695/13/34
f 695/13/34 742/23/34 738/24/34
f 695/13/35 738/24/35 693/11/35
f 693/11/35 738/24/35 734/25/35
f 693/11/36 734/25/36 691/12/36
f 691/12/36 734/25/36 730/26/36
f 691/12/37 730/26/37 689/14/37
f 689/14/37 730/26/37 727/27/37
f 689/14/38 727/27/38 687/12/38
f 687/12/38 727/27/38 724/26/38
f 687/12/39 724/26/39 685/11/39
f 685/11/39 724/26/39 720/25/39
f 685/11/40 720/25/40 683/13/40
f 683/13/40 720/25/40 716/24/40
f 683/13/41 716/24/41 681/9/41
f 681/9/41 716/24/41 712/23/41
f 681/9/42 712/23/42 679/8/42
f 679/8/42 712/23/42 710/22/42
f 679/8/43 710/22/43 677/10/43
f 677/10/43 710/22/43 708/21/43
f 677/10/44 708/21/44 678/6/44
f 678/6/44 708/21/44 709/20/44
f 678/6/45 709/20/45 680/5/45
f 680/5/45 709/20/45 711/19/45
f 680/5/46 711/19/46 682/7/46
f 682/7/46 711/19/46 715/18/46
f 682/7/47 715/18/47 684/3/47
f 684/3/47 715/18/47 719/17/47
f 684/3/48 719/17/48 686/2/48
f 686/2/48 719/17/48 723/16/48
f 686/2/49 723/16/49 688/4/49
f 688/4/50 723/16/50 726/15/50
f 733/17/51 739/28/51 737/18/51
f 737/18/51 739/28/51 746/29/51
f 737/18/51 746/29/51 741/19/51
f 741/19/51 746/29/51 748/30/51
f 741/19/51 748/30/51 743/20/51
f 743/20/51 748/30/51 750/31/51
f 743/20/51 750/31/51 745/21/51
f 745/21/51 750/31/51 752/21/51
f 745/21/51 752/21/51 744/22/51
f 744/22/51 752/21/51 751/32/51
f 744/22/51 751/32/51 742/23/51
f 742/23/51 751/32/51 749/33/51
f 742/23/51 749/33/51 738/24/51
f 749/33/51 747/34/51 738/24/51
f 738/24/51 747/34/51 740/35/51
f 738/24/51 740/35/51 734/25/51
f 734/25/51 740/35/51 736/36/51
f 734/25/51 736/36/51 730/26/51
f 730/26/51 736/36/51 732/37/51
f 730/26/51 732/37/51 727/27/51
f 727/27/51 732/37/51 728/38/51
f 727/27/51 728/38/51 724/26/51
f 724/26/51 728/38/51 722/37/51
f 724/26/51 722/37/51 720/25/51
f 715/18/51 713/28/51 719/17/51
f 719/17/51 713/28/51 717/39/51
f 719/17/51 717/39/51 723/16/51
f 723/16/51 717/39/51 721/40/51
f 723/16/51 721/40/51 726/15/51
f 726/15/51 721/40/51 725/41/51
f 726/15/51 725/41/51 729/16/51
f 729/16/51 725/41/51 731/40/51
f 729/16/51 731/40/51 733/17/51
f 733/17/51 731/40/51 735/39/51
f 733/17/51 735/39/51 739/28/51
f 722/37/51 718/36/51 720/25/51
f 720/25/51 718/36/51 714/35/51
f 720/25/51 714/35/51 716/24/51
f 716/24/51 714/35/51 707/34/51
f 716/24/51 707/34/51 712/23/51
f 712/23/51 707/34/51 705/33/51
f 712/23/51 705/33/51 710/22/51
f 710/22/51 705/33/51 703/32/51
f 710/22/51 703/32/51 708/21/51
f 708/21/51 703/32/51 701/21/51
f 708/21/51 701/21/51 709/20/51
f 709/20/51 701/21/51 702/31/51
f 709/20/51 702/31/51 711/19/51
f 711/19/51 702/31/51 704/30/51
f 711/19/51 704/30/51 715/18/51
f 715/18/51 704/30/51 706/29/51
f 715/18/51 706/29/51 713/28/51
f 645/42/52 725/41/52 643/43/52
f 643/43/53 725/41/53 721/40/53
f 643/43/54 721/40/54 641/44/54
f 641/44/55 721/40/55 639/45/55
f 639/45/56 721/40/56 717/39/56
f 639/45/57 717/39/57 637/46/57
f 637/46/58 717/39/58 635/47/58
f 635/47/59 717/39/59 713/28/59
f 635/47/60 713/28/60 633/48/60
f 633/48/61 713/28/61 706/29/61
f 633/48/62 706/29/62 631/49/62
f 631/49/63 706/29/63 629/50/63
f 629/50/64 706/29/64 704/30/64
f 629/50/65 704/30/65 627/51/65
f 627/51/66 704/30/66 625/52/66
f 625/52/67 704/30/67 702/31/67
f 625/52/68 702/31/68 623/53/68
f 623/53/69 702/31/69 621/54/69
f 621/54/70 702/31/70 701/21/70
f 621/54/71 701/21/71 620/55/71
f 620/55/72 701/21/72 622/56/72
f 622/56/73 701/21/73 703/32/73
f 622/56/74 703/32/74 624/57/74
f 624/57/75 703/32/75 626/58/75
f 626/58/76 703/32/76 705/33/76
f 626/58/77 705/33/77 628/59/77
f 628/59/78 705/33/78 630/60/78
f 630/60/79 705/33/79 707/34/79
f 630/60/80 707/34/80 632/61/80
f 632/61/81 707/34/81 634/62/81
f 634/62/82 707/34/82 714/35/82
f 634/62/83 714/35/83 636/63/83
f 636/63/84 714/35/84 638/64/84
f 638/64/85 714/35/85 718/36/85
f 638/64/86 718/36/86 640/65/86
f 640/65/87 718/36/87 642/66/87
f 642/66/88 718/36/88 722/37/88
f 642/66/89 722/37/89 644/67/89
f 644/67/90 722/37/90 646/68/90
f 646/68/91 722/37/91 728/38/91
f 646/68/92 728/38/92 648/69/92
f 732/37/93 736/36/93 656/65/93
f 656/65/94 654/66/94 732/37/94
f 732/37/95 654/66/95 652/67/95
f 732/37/96 652/67/96 728/38/96
f 728/38/97 652/67/97 650/68/97
f 728/38/98 650/68/98 648/69/98
f 747/34/99 662/62/99 740/35/99
f 740/35/100 662/62/100 660/63/100
f 740/35/101 660/63/101 736/36/101
f 736/36/102 660/63/102 658/64/102
f 736/36/103 658/64/103 656/65/103
f 749/33/104 666/60/104 747/34/104
f 747/34/105 666/60/105 664/61/105
f 747/34/106 664/61/106 662/62/106
f 751/32/107 670/58/107 749/33/107
f 749/33/108 670/58/108 668/59/108
f 749/33/109 668/59/109 666/60/109
f 752/21/110 675/56/110 751/32/110
f 751/32/111 675/56/111 672/57/111
f 751/32/112 672/57/112 670/58/112
f 750/31/113 673/54/113 752/21/113
f 752/21/114 673/54/114 674/55/114
f 752/21/114 674/55/114 675/56/114
f 748/30/115 669/52/115 750/31/115
f 750/31/116 669/52/116 671/53/116
f 750/31/117 671/53/117 673/54/117
f 746/29/118 665/50/118 748/30/118
f 748/30/119 665/50/119 667/51/119
f 748/30/120 667/51/120 669/52/120
f 739/28/121 661/48/121 746/29/121
f 746/29/122 661/48/122 663/49/122
f 746/29/123 663/49/123 665/50/123
f 735/39/124 657/46/124 739/28/124
f 739/28/125 657/46/125 659/47/125
f 739/28/126 659/47/126 661/48/126
f 731/40/127 653/44/127 735/39/127
f 735/39/128 653/44/128 655/45/128
f 735/39/129 655/45/129 657/46/129
f 645/42/130 647/70/130 725/41/130
f 725/41/131 647/70/131 649/42/131
f 725/41/132 649/42/132 731/40/132
f 731/40/133 649/42/133 651/43/133
f 731/40/134 651/43/134 653/44/134
f 640/65/135 642/66/135 573/71/135
f 573/71/136 642/66/136 576/72/136
f 576/72/137 642/66/137 644/67/137
f 576/72/138 644/67/138 578/73/138
f 578/73/139 644/67/139 646/68/139
f 578/73/140 646/68/140 580/74/140
f 580/74/141 646/68/141 648/69/141
f 580/74/142 648/69/142 582/75/142
f 573/71/143 572/76/143 640/65/143
f 640/65/144 572/76/144 570/77/144
f 640/65/145 570/77/145 638/64/145
f 638/64/146 570/77/146 569/78/146
f 638/64/147 569/78/147 636/63/147
f 636/63/148 569/78/148 566/79/148
f 636/63/149 566/79/149 634/62/149
f 634/62/150 566/79/150 564/80/150
f 634/62/151 564/80/151 632/61/151
f 564/80/152 562/81/152 632/61/152
f 632/61/153 562/81/153 559/82/153
f 632/61/154 559/82/154 630/60/154
f 630/60/51 559/82/51 558/82/51
f 630/60/155 558/82/155 628/59/155
f 628/59/156 558/82/156 556/83/156
f 628/59/157 556/83/157 626/58/157
f 626/58/158 556/83/158 554/84/158
f 626/58/159 554/84/159 624/57/159
f 624/57/160 554/84/160 552/85/160
f 624/57/161 552/85/161 622/56/161
f 552/85/162 549/86/162 622/56/162
f 622/56/163 549/86/163 548/87/163
f 622/56/164 548/87/164 620/55/164
f 620/55/165 548/87/165 547/88/165
f 620/55/166 547/88/166 621/54/166
f 621/54/167 547/88/167 550/89/167
f 621/54/168 550/89/168 623/53/168
f 623/53/169 550/89/169 551/90/169
f 623/53/170 551/90/170 625/52/170
f 551/90/171 553/91/171 625/52/171
f 625/52/172 553/91/172 555/92/172
f 625/52/173 555/92/173 627/51/173
f 627/51/174 555/92/174 557/93/174
f 627/51/175 557/93/175 629/50/175
f 629/50/176 557/93/176 560/94/176
f 629/50/177 560/94/177 631/49/177
f 631/49/178 560/94/178 561/95/178
f 631/49/179 561/95/179 633/48/179
f 561/95/180 563/96/180 633/48/180
f 633/48/181 563/96/181 565/97/181
f 633/48/182 565/97/182 635/47/182
f 635/47/183 565/97/183 567/98/183
f 635/47/184 567/98/184 637/46/184
f 637/46/185 567/98/185 568/99/185
f 637/46/186 568/99/186 639/45/186
f 639/45/187 568/99/187 571/100/187
f 639/45/188 571/100/188 641/44/188
f 581/101/189 647/70/189 579/102/189
f 579/102/190 647/70/190 645/42/190
f 579/102/191 645/42/191 577/103/191
f 577/103/192 645/42/192 643/43/192
f 577/103/193 643/43/193 575/104/193
f 575/104/194 643/43/194 641/44/194
f 575/104/195 641/44/195 574/105/195
f 574/105/196 641/44/196 571/100/196
f 581/101/197 583/106/197 647/70/197
f 647/70/198 583/106/198 585/107/198
f 647/70/199 585/107/199 649/42/199
f 649/42/200 585/107/200 588/108/200
f 649/42/201 588/108/201 651/43/201
f 588/108/202 589/109/202 651/43/202
f 651/43/203 589/109/203 591/110/203
f 651/43/204 591/110/204 653/44/204
f 653/44/205 591/110/205 593/105/205
f 653/44/206 593/105/206 655/45/206
f 655/45/207 593/105/207 595/111/207
f 655/45/208 595/111/208 657/46/208
f 657/46/209 595/111/209 598/112/209
f 657/46/210 598/112/210 659/47/210
f 598/112/211 599/113/211 659/47/211
f 659/47/212 599/113/212 601/114/212
f 659/47/213 601/114/213 661/48/213
f 661/48/214 601/114/214 603/115/214
f 661/48/215 603/115/215 663/49/215
f 663/49/216 603/115/216 605/116/216
f 663/49/217 605/116/217 665/50/217
f 665/50/218 605/116/218 607/94/218
f 665/50/219 607/94/219 667/51/219
f 667/51/220 607/94/220 609/117/220
f 667/51/221 609/117/221 669/52/221
f 609/117/222 612/91/222 669/52/222
f 669/52/223 612/91/223 613/118/223
f 669/52/224 613/118/224 671/53/224
f 671/53/225 613/118/225 615/119/225
f 671/53/226 615/119/226 673/54/226
f 673/54/227 615/119/227 617/89/227
f 673/54/228 617/89/228 674/55/228
f 674/55/229 617/89/229 619/120/229
f 674/55/230 619/120/230 675/56/230
f 619/120/231 618/86/231 675/56/231
f 675/56/232 618/86/232 616/121/232
f 675/56/233 616/121/233 672/57/233
f 672/57/234 616/121/234 614/122/234
f 672/57/235 614/122/235 670/58/235
f 670/58/236 614/122/236 611/84/236
f 670/58/237 611/84/237 668/59/237
f 668/59/238 611/84/238 610/123/238
f 668/59/239 610/123/239 666/60/239
f 610/123/240 608/124/240 666/60/240
f 666/60/240 608/124/240 606/125/240
f 666/60/241 606/125/241 664/61/241
f 664/61/242 606/125/242 604/126/242
f 664/61/243 604/126/243 662/62/243
f 662/62/244 604/126/244 602/127/244
f 662/62/245 602/127/245 660/63/245
f 660/63/246 602/127/246 600/128/246
f 660/63/247 600/128/247 658/64/247
f 600/128/248 597/78/248 658/64/248
f 658/64/249 597/78/249 596/129/249
f 658/64/250 596/129/250 656/65/250
f 656/65/251 596/129/251 594/130/251
f 656/65/252 594/130/252 654/66/252
f 654/66/253 594/130/253 592/131/253
f 654/66/254 592/131/254 652/67/254
f 592/131/255 590/132/255 652/67/255
f 652/67/256 590/132/256 587/73/256
f 652/67/257 587/73/257 650/68/257
f 650/68/258 587/73/258 586/133/258
f 650/68/259 586/133/259 648/69/259
f 648/69/260 586/133/260 584/134/260
f 648/69/261 584/134/261 582/75/261
f 569/78/262 570/77/262 517/135/262
f 517/135/263 570/77/263 572/76/263
f 517/135/264 572/76/264 519/136/264
f 519/136/265 572/76/265 573/71/265
f 519/136/266 573/71/266 521/137/266
f 521/137/267 573/71/267 576/72/267
f 521/137/268 576/72/268 523/138/268
f 523/138/269 576/72/269 578/73/269
f 569/78/270 517/135/270 566/79/270
f 566/79/271 517/135/271 515/139/271
f 566/79/272 515/139/272 564/80/272
f 564/80/273 515/139/273 513/140/273
f 564/80/274 513/140/274 562/81/274
f 562/81/275 513/140/275 511/141/275
f 562/81/276 511/141/276 559/82/276
f 559/82/51 511/141/51 558/82/51
f 558/82/277 511/141/277 509/142/277
f 558/82/278 509/142/278 556/83/278
f 556/83/279 509/142/279 554/84/279
f 554/84/280 509/142/280 507/143/280
f 554/84/281 507/143/281 552/85/281
f 552/85/282 507/143/282 549/86/282
f 549/86/283 507/143/283 505/144/283
f 549/86/284 505/144/284 548/87/284
f 548/87/285 505/144/285 504/145/285
f 548/87/286 504/145/286 547/88/286
f 560/94/287 557/93/287 510/146/287
f 510/146/288 557/93/288 555/92/288
f 510/146/289 555/92/289 508/147/289
f 508/147/290 555/92/290 553/91/290
f 508/147/291 553/91/291 506/148/291
f 506/148/292 553/91/292 551/90/292
f 506/148/293 551/90/293 504/145/293
f 504/145/294 551/90/294 550/89/294
f 504/145/295 550/89/295 547/88/295
f 560/94/296 510/146/296 561/95/296
f 561/95/297 510/146/297 512/149/297
f 561/95/298 512/149/298 563/96/298
f 563/96/299 512/149/299 514/150/299
f 563/96/300 514/150/300 565/97/300
f 565/97/301 514/150/301 516/151/301
f 565/97/302 516/151/302 567/98/302
f 567/98/303 516/151/303 568/99/303
f 568/99/304 516/151/304 518/152/304
f 568/99/305 518/152/305 571/100/305
f 571/100/306 518/152/306 574/105/306
f 574/105/307 518/152/307 520/153/307
f 574/105/308 520/153/308 575/104/308
f 575/104/309 520/153/309 577/103/309
f 577/103/310 520/153/310 522/154/310
f 577/103/311 522/154/311 579/102/311
f 579/102/312 522/154/312 524/155/312
f 579/102/313 524/155/313 581/101/313
f 593/105/314 591/110/314 530/156/314
f 530/156/315 591/110/315 589/109/315
f 530/156/316 589/109/316 528/157/316
f 528/157/317 589/109/317 588/108/317
f 528/157/318 588/108/318 526/158/318
f 526/158/319 588/108/319 585/107/319
f 526/158/320 585/107/320 524/155/320
f 524/155/321 585/107/321 583/106/321
f 524/155/322 583/106/322 581/101/322
f 593/105/323 530/156/323 595/111/323
f 595/111/324 530/156/324 532/159/324
f 595/111/325 532/159/325 598/112/325
f 598/112/326 532/159/326 534/160/326
f 598/112/327 534/160/327 599/113/327
f 599/113/328 534/160/328 536/161/328
f 599/113/329 536/161/329 601/114/329
f 540/162/330 607/94/330 538/163/330
f 538/163/330 607/94/330 605/116/330
f 538/163/331 605/116/331 536/161/331
f 536/161/332 605/116/332 603/115/332
f 536/161/333 603/115/333 601/114/333
f 617/89/334 615/119/334 544/164/334
f 544/164/335 615/119/335 613/118/335
f 544/164/336 613/118/336 542/165/336
f 542/165/337 613/118/337 612/91/337
f 542/165/338 612/91/338 540/162/338
f 540/162/339 612/91/339 609/117/339
f 540/162/340 609/117/340 607/94/340
f 617/89/341 544/164/341 619/120/341
f 619/120/342 544/164/342 546/166/342
f 619/120/343 546/166/343 618/86/343
f 618/86/344 546/166/344 545/167/344
f 618/86/345 545/167/345 616/121/345
f 616/121/346 545/167/346 543/168/346
f 616/121/347 543/168/347 614/122/347
f 602/127/348 604/126/348 537/169/348
f 537/169/349 604/126/349 606/125/349
f 537/169/350 606/125/350 539/170/350
f 539/170/351 606/125/351 608/124/351
f 539/170/352 608/124/352 541/171/352
f 541/171/353 608/124/353 610/123/353
f 541/171/354 610/123/354 543/168/354
f 543/168/355 610/123/355 611/84/355
f 543/168/356 611/84/356 614/122/356
f 602/127/357 537/169/357 600/128/357
f 600/128/358 537/169/358 535/172/358
f 600/128/359 535/172/359 597/78/359
f 597/78/360 535/172/360 533/173/360
f 597/78/361 533/173/361 596/129/361
f 596/129/362 533/173/362 594/130/362
f 594/130/363 533/173/363 531/174/363
f 594/130/364 531/174/364 592/131/364
f 592/131/365 531/174/365 529/175/365
f 592/131/366 529/175/366 590/132/366
f 578/73/367 580/74/367 523/138/367
f 523/138/368 580/74/368 582/75/368
f 523/138/369 582/75/369 525/176/369
f 525/176/370 582/75/370 584/134/370
f 525/176/371 584/134/371 527/177/371
f 527/177/372 584/134/372 586/133/372
f 527/177/373 586/133/373 529/175/373
f 529/175/374 586/133/374 587/73/374
f 529/175/375 587/73/375 590/132/375
f 2/178/376 74/179/376 1/180/376
f 1/180/376 74/179/376 75/181/376
f 1/180/376 75/181/376 4/182/376
f 4/182/376 75/181/376 77/183/376
f 4/182/376 77/183/376 7/184/376
f 7/184/376 77/183/376 79/185/376
f 7/184/376 79/185/376 11/186/376
f 11/186/376 79/185/376 81/187/376
f 11/186/376 81/187/376 14/188/376
f 14/188/376 81/187/376 83/189/376
f 14/188/376 83/189/376 18/190/376
f 18/190/376 83/189/376 85/191/376
f 18/190/376 85/191/376 21/192/376
f 21/192/376 85/191/376 87/193/376
f 21/192/376 87/193/376 24/194/376
f 24/194/376 87/193/376 89/195/376
f 24/194/376 89/195/376 28/196/376
f 28/196/376 89/195/376 91/197/376
f 28/196/376 91/197/376 31/198/376
f 31/198/376 91/197/376 93/199/376
f 31/198/376 93/199/376 34/200/376
f 34/200/376 93/199/376 95/201/376
f 34/200/376 95/201/376 37/202/376
f 37/202/376 95/201/376 97/203/376
f 37/202/376 97/203/376 40/204/376
f 40/204/376 97/203/376 99/205/376
f 40/204/376 99/205/376 43/206/376
f 43/206/376 99/205/376 101/207/376
f 43/206/376 101/207/376 47/208/376
f 47/208/376 101/207/376 103/209/376
f 47/208/376 103/209/376 50/210/376
f 50/210/376 103/209/376 105/211/376
f 50/210/376 105/211/376 53/212/376
f 53/212/376 105/211/376 107/213/376
f 53/212/376 107/213/376 57/214/376
f 57/214/376 107/213/376 109/215/376
f 57/214/376 109/215/376 60/216/376
f 60/216/376 109/215/376 111/217/376
f 60/216/376 111/217/376 64/218/376
f 64/218/376 111/217/376 113/219/376
f 64/218/376 113/219/376 67/220/376
f 67/220/376 113/219/376 115/221/376
f 67/220/376 115/221/376 70/222/376
f 70/222/376 115/221/376 73/180/376
f 73/180/376 115/221/376 116/223/376
f 73/180/376 116/223/376 72/223/376
f 72/223/376 116/223/376 71/224/376
f 71/224/376 116/223/376 114/225/376
f 71/224/376 114/225/376 69/226/376
f 69/226/376 114/225/376 68/227/376
f 68/227/376 114/225/376 112/228/376
f 68/227/376 112/228/376 66/229/376
f 110/230/376 62/231/376 63/232/376
f 110/230/376 63/232/376 112/228/376
f 112/228/376 63/232/376 65/233/376
f 112/228/376 65/233/376 66/229/376
f 62/231/376 110/230/376 61/234/376
f 61/234/376 110/230/376 108/235/376
f 61/234/376 108/235/376 59/236/376
f 59/236/376 108/235/376 58/237/376
f 58/237/376 108/235/376 106/238/376
f 58/237/376 106/238/376 56/239/376
f 104/240/376 52/241/376 54/242/376
f 104/240/376 54/242/376 106/238/376
f 106/238/376 54/242/376 55/243/376
f 106/238/376 55/243/376 56/239/376
f 52/241/376 104/240/376 51/244/376
f 51/244/376 104/240/376 102/245/376
f 51/244/376 102/245/376 49/246/376
f 100/247/376 98/248/376 44/249/376
f 44/249/376 45/250/376 100/247/376
f 100/247/376 45/250/376 46/251/376
f 100/247/376 46/251/376 102/245/376
f 102/245/376 46/251/376 48/252/376
f 102/245/376 48/252/376 49/246/376
f 38/253/376 39/254/376 96/255/376
f 96/255/376 39/254/376 41/256/376
f 96/255/376 41/256/376 98/248/376
f 98/248/376 41/256/376 42/257/376
f 98/248/376 42/257/376 44/249/376
f 38/253/376 96/255/376 36/253/376
f 36/253/376 96/255/376 94/258/376
f 36/253/376 94/258/376 35/248/376
f 35/248/376 94/258/376 92/253/376
f 35/248/376 92/253/376 33/259/376
f 33/259/376 92/253/376 32/260/376
f 32/260/376 92/253/376 90/261/376
f 32/260/376 90/261/376 30/247/376
f 88/262/376 26/263/376 27/264/376
f 88/262/376 27/264/376 90/261/376
f 90/261/376 27/264/376 29/265/376
f 90/261/376 29/265/376 30/247/376
f 26/263/376 88/262/376 25/266/376
f 25/266/376 88/262/376 86/267/376
f 25/266/376 86/267/376 23/268/376
f 23/268/376 86/267/376 22/269/376
f 22/269/376 86/267/376 84/270/376
f 22/269/376 84/270/376 20/271/376
f 82/272/376 16/273/376 17/274/376
f 82/272/376 17/274/376 84/270/376
f 84/270/376 17/274/376 19/275/376
f 84/270/376 19/275/376 20/271/376
f 16/273/376 82/272/376 15/276/376
f 15/276/376 82/272/376 80/277/376
f 15/276/376 80/277/376 13/278/376
f 13/278/376 80/277/376 12/279/376
f 12/279/376 80/277/376 78/280/376
f 12/279/376 78/280/376 10/281/376
f 76/282/376 8/283/376 78/280/376
f 78/280/377 8/283/377 9/284/377
f 78/280/376 9/284/376 10/281/376
f 2/178/376 3/285/376 74/179/376
f 74/179/376 3/285/376 5/286/376
f 74/179/376 5/286/376 76/282/376
f 76/282/376 5/286/376 6/287/376
f 76/282/376 6/287/376 8/283/376
f 544/164/378 503/288/378 546/166/378
f 546/166/379 503/288/379 502/289/379
f 546/166/380 502/289/380 545/167/380
f 545/167/381 502/289/381 500/290/381
f 545/167/382 500/290/382 543/168/382
f 543/168/383 500/290/383 498/291/383
f 543/168/384 498/291/384 541/171/384
f 541/171/385 498/291/385 496/292/385
f 541/171/386 496/292/386 539/170/386
f 539/170/387 496/292/387 494/293/387
f 539/170/388 494/293/388 537/169/388
f 537/169/389 494/293/389 492/294/389
f 537/169/390 492/294/390 535/172/390
f 535/172/391 492/294/391 490/295/391
f 535/172/392 490/295/392 533/173/392
f 533/173/393 490/295/393 488/296/393
f 533/173/394 488/296/394 531/174/394
f 531/174/395 488/296/395 486/297/395
f 531/174/396 486/297/396 529/175/396
f 529/175/397 486/297/397 484/298/397
f 529/175/398 484/298/398 527/177/398
f 527/177/399 484/298/399 482/299/399
f 527/177/400 482/299/400 525/176/400
f 525/176/401 482/299/401 480/300/401
f 525/176/402 480/300/402 523/138/402
f 523/138/403 480/300/403 478/301/403
f 523/138/404 478/301/404 521/137/404
f 521/137/405 478/301/405 476/302/405
f 521/137/406 476/302/406 519/136/406
f 519/136/407 476/302/407 474/303/407
f 519/136/408 474/303/408 517/135/408
f 517/135/409 474/303/409 472/304/409
f 517/135/410 472/304/410 515/139/410
f 515/139/411 472/304/411 470/305/411
f 515/139/412 470/305/412 513/140/412
f 513/140/413 470/305/413 468/306/413
f 513/140/414 468/306/414 511/141/414
f 511/141/415 468/306/415 466/307/415
f 511/141/416 466/307/416 509/142/416
f 509/142/417 466/307/417 464/308/417
f 509/142/418 464/308/418 507/143/418
f 507/143/419 464/308/419 462/309/419
f 507/143/420 462/309/420 505/144/420
f 505/144/421 462/309/421 461/310/421
f 505/144/422 461/310/422 504/145/422
f 504/145/423 461/310/423 463/311/423
f 504/145/424 463/311/424 506/148/424
f 506/148/425 463/311/425 465/312/425
f 506/148/426 465/312/426 508/147/426
f 508/147/427 465/312/427 467/313/427
f 508/147/428 467/313/428 510/146/428
f 510/146/429 467/313/429 469/314/429
f 510/146/430 469/314/430 512/149/430
f 512/149/431 469/314/431 471/315/431
f 512/149/432 471/315/432 514/150/432
f 514/150/433 471/315/433 473/316/433
f 514/150/434 473/316/434 516/151/434
f 516/151/435 473/316/435 475/317/435
f 516/151/436 475/317/436 518/152/436
f 518/152/437 475/317/437 477/318/437
f 518/152/438 477/318/438 520/153/438
f 520/153/439 477/318/439 479/319/439
f 520/153/440 479/319/440 522/154/440
f 522/154/441 479/319/441 481/320/441
f 522/154/442 481/320/442 524/155/442
f 524/155/443 481/320/443 483/321/443
f 524/155/444 483/321/444 526/158/444
f 526/158/445 483/321/445 485/322/445
f 526/158/446 485/322/446 528/157/446
f 528/157/447 485/322/447 487/323/447
f 528/157/448 487/323/448 530/156/448
f 530/156/449 487/323/449 489/324/449
f 530/156/450 489/324/450 532/159/450
f 532/159/451 489/324/451 491/325/451
f 532/159/452 491/325/452 534/160/452
f 534/160/453 491/325/453 493/326/453
f 534/160/454 493/326/454 536/161/454
f 536/161/455 493/326/455 495/327/455
f 536/161/456 495/327/456 538/163/456
f 538/163/457 495/327/457 497/328/457
f 538/163/458 497/328/458 540/162/458
f 540/162/459 497/328/459 499/329/459
f 540/162/460 499/329/460 542/165/460
f 542/165/461 499/329/461 501/330/461
f 542/165/462 501/330/462 544/164/462
f 544/164/463 501/330/463 503/288/463
f 501/330/464 460/331/464 503/288/464
f 503/288/465 460/331/465 459/332/465
f 503/288/466 459/332/466 502/289/466
f 502/289/467 459/332/467 457/333/467
f 502/289/468 457/333/468 500/290/468
f 500/290/469 457/333/469 455/334/469
f 500/290/470 455/334/470 498/291/470
f 498/291/471 455/334/471 453/335/471
f 498/291/472 453/335/472 496/292/472
f 496/292/473 453/335/473 451/336/473
f 496/292/474 451/336/474 494/293/474
f 494/293/475 451/336/475 449/337/475
f 494/293/476 449/337/476 492/294/476
f 492/294/477 449/337/477 447/338/477
f 492/294/478 447/338/478 490/295/478
f 490/295/479 447/338/479 445/339/479
f 490/295/480 445/339/480 488/296/480
f 488/296/481 445/339/481 443/340/481
f 488/296/482 443/340/482 486/297/482
f 486/297/483 443/340/483 441/341/483
f 486/297/484 441/341/484 484/298/484
f 484/298/485 441/341/485 439/342/485
f 484/298/486 439/342/486 482/299/486
f 482/299/487 439/342/487 437/343/487
f 482/299/488 437/343/488 480/300/488
f 480/300/489 437/343/489 435/344/489
f 480/300/490 435/344/490 478/301/490
f 478/301/491 435/344/491 433/345/491
f 478/301/492 433/345/492 476/302/492
f 476/302/493 433/345/493 431/346/493
f 476/302/494 431/346/494 474/303/494
f 474/303/495 431/346/495 429/347/495
f 474/303/496 429/347/496 472/304/496
f 472/304/497 429/347/497 427/348/497
f 472/304/498 427/348/498 470/305/498
f 470/305/499 427/348/499 425/349/499
f 470/305/500 425/349/500 468/306/500
f 468/306/501 425/349/501 423/350/501
f 468/306/502 423/350/502 466/307/502
f 466/307/503 423/350/503 421/351/503
f 466/307/504 421/351/504 464/308/504
f 464/308/505 421/351/505 419/352/505
f 464/308/506 419/352/506 462/309/506
f 462/309/507 419/352/507 418/353/507
f 462/309/508 418/353/508 461/310/508
f 461/310/509 418/353/509 420/354/509
f 461/310/510 420/354/510 463/311/510
f 463/311/511 420/354/511 422/355/511
f 463/311/512 422/355/512 465/312/512
f 465/312/513 422/355/513 424/356/513
f 465/312/514 424/356/514 467/313/514
f 467/313/515 424/356/515 426/357/515
f 467/313/516 426/357/516 469/314/516
f 469/314/517 426/357/517 428/358/517
f 469/314/518 428/358/518 471/315/518
f 471/315/519 428/358/519 430/359/519
f 471/315/520 430/359/520 473/316/520
f 473/316/521 430/359/521 432/360/521
f 473/316/522 432/360/522 475/317/522
f 475/317/523 432/360/523 434/361/523
f 475/317/524 434/361/524 477/318/524
f 477/318/525 434/361/525 436/362/525
f 477/318/526 436/362/526 479/319/526
f 479/319/527 436/362/527 438/363/527
f 479/319/528 438/363/528 481/320/528
f 481/320/529 438/363/529 440/364/529
f 481/320/530 440/364/530 483/321/530
f 483/321/531 440/364/531 442/365/531
f 483/321/532 442/365/532 485/322/532
f 485/322/533 442/365/533 444/366/533
f 485/322/534 444/366/534 487/323/534
f 487/323/535 444/366/535 446/367/535
f 487/323/536 446/367/536 489/324/536
f 489/324/537 446/367/537 448/368/537
f 489/324/538 448/368/538 491/325/538
f 491/325/539 448/368/539 450/369/539
f 491/325/540 450/369/540 493/326/540
f 493/326/541 450/369/541 452/370/541
f 493/326/542 452/370/542 495/327/542
f 495/327/543 452/370/543 454/371/543
f 495/327/544 454/371/544 497/328/544
f 497/328/545 454/371/545 456/372/545
f 497/328/546 456/372/546 499/329/546
f 499/329/547 456/372/547 458/373/547
f 499/329/548 458/373/548 501/330/548
f 501/330/549 458/373/549 460/331/549
f 458/373/550 417/374/550 460/331/550
f 460/331/551 417/374/551 416/375/551
f 460/331/552 416/375/552 459/332/552
f 459/332/553 416/375/553 414/376/553
f 459/332/554 414/376/554 457/333/554
f 457/333/555 414/376/555 412/377/555
f 457/333/556 412/377/556 455/334/556
f 455/334/557 412/377/557 410/378/557
f 455/334/558 410/378/558 453/335/558
f 453/335/559 410/378/559 408/379/559
f 453/335/560 408/379/560 451/336/560
f 451/336/561 408/379/561 406/380/561
f 451/336/562 406/380/562 449/337/562
f 449/337/563 406/380/563 404/381/563
f 449/337/564 404/381/564 447/338/564
f 447/338/565 404/381/565 402/382/565
f 447/338/566 402/382/566 445/339/566
f 445/339/567 402/382/567 400/383/567
f 445/339/568 400/383/568 443/340/568
f 443/340/569 400/383/569 398/384/569
f 443/340/570 398/384/570 441/341/570
f 441/341/571 398/384/571 396/385/571
f 441/341/572 396/385/572 439/342/572
f 439/342/573 396/385/573 394/386/573
f 439/342/574 394/386/574 437/343/574
f 437/343/575 394/386/575 392/387/575
f 437/343/576 392/387/576 435/344/576
f 435/344/577 392/387/577 390/388/577
f 435/344/577 390/388/577 433/345/577
f 433/345/578 390/388/578 388/389/578
f 433/345/579 388/389/579 431/346/579
f 431/346/580 388/389/580 386/390/580
f 431/346/581 386/390/581 429/347/581
f 429/347/582 386/390/582 384/391/582
f 429/347/583 384/391/583 427/348/583
f 427/348/584 384/391/584 382/392/584
f 427/348/585 382/392/585 425/349/585
f 425/349/586 382/392/586 380/393/586
f 425/349/587 380/393/587 423/350/587
f 423/350/588 380/393/588 378/394/588
f 423/350/589 378/394/589 421/351/589
f 421/351/590 378/394/590 376/395/590
f 421/351/591 376/395/591 419/352/591
f 419/352/592 376/395/592 375/396/592
f 419/352/593 375/396/593 418/353/593
f 418/353/594 375/396/594 377/397/594
f 418/353/595 377/397/595 420/354/595
f 420/354/596 377/397/596 379/398/596
f 420/354/597 379/398/597 422/355/597
f 422/355/598 379/398/598 381/399/598
f 422/355/599 381/399/599 424/356/599
f 424/356/600 381/399/600 383/400/600
f 424/356/601 383/400/601 426/357/601
f 426/357/602 383/400/602 385/401/602
f 426/357/603 385/401/603 428/358/603
f 428/358/604 385/401/604 387/402/604
f 428/358/605 387/402/605 430/359/605
f 430/359/606 387/402/606 389/403/606
f 430/359/607 389/403/607 432/360/607
f 432/360/608 389/403/608 391/404/608
f 432/360/609 391/404/609 434/361/609
f 434/361/610 391/404/610 393/405/610
f 434/361/611 393/405/611 436/362/611
f 436/362/612 393/405/612 395/406/612
f 436/362/613 395/406/613 438/363/613
f 438/363/614 395/406/614 397/407/614
f 438/363/615 397/407/615 440/364/615
f 440/364/616 397/407/616 399/408/616
f 440/364/617 399/408/617 442/365/617
f 442/365/618 399/408/618 401/409/618
f 442/365/619 401/409/619 444/366/619
f 444/366/620 401/409/620 403/410/620
f 444/366/621 403/410/621 446/367/621
f 446/367/622 403/410/622 405/411/622
f 446/367/623 405/411/623 448/368/623
f 448/368/624 405/411/624 407/412/624
f 448/368/625 407/412/625 450/369/625
f 450/369/626 407/412/626 409/413/626
f 450/369/627 409/413/627 452/370/627
f 452/370/628 409/413/628 411/414/628
f 452/370/629 411/414/629 454/371/629
f 454/371/630 411/414/630 413/415/630
f 454/371/631 413/415/631 456/372/631
f 456/372/632 413/415/632 415/416/632
f 456/372/633 415/416/633 458/373/633
f 458/373/634 415/416/634 417/374/634
f 415/416/635 374/417/635 417/374/635
f 417/374/636 374/417/636 373/418/636
f 417/374/636 373/418/636 416/375/636
f 416/375/637 373/418/637 371/419/637
f 416/375/638 371/419/638 414/376/638
f 414/376/639 371/419/639 369/420/639
f 414/376/640 369/420/640 412/377/640
f 412/377/641 369/420/641 367/421/641
f 412/377/641 367/421/641 410/378/641
f 410/378/642 367/421/642 365/422/642
f 410/378/643 365/422/643 408/379/643
f 408/379/644 365/422/644 363/423/644
f 408/379/644 363/423/644 406/380/644
f 406/380/645 363/423/645 361/424/645
f 406/380/646 361/424/646 404/381/646
f 404/381/647 361/424/647 359/425/647
f 404/381/647 359/425/647 402/382/647
f 402/382/648 359/425/648 357/426/648
f 402/382/649 357/426/649 400/383/649
f 400/383/650 357/426/650 355/427/650
f 400/383/651 355/427/651 398/384/651
f 398/384/652 355/427/652 353/428/652
f 398/384/653 353/428/653 396/385/653
f 396/385/654 353/428/654 351/429/654
f 396/385/655 351/429/655 394/386/655
f 394/386/656 351/429/656 349/430/656
f 394/386/657 349/430/657 392/387/657
f 392/387/658 349/430/658 347/431/658
f 392/387/659 347/431/659 390/388/659
f 390/388/660 347/431/660 345/432/660
f 390/388/661 345/432/661 388/389/661
f 388/389/662 345/432/662 343/433/662
f 388/389/663 343/433/663 386/390/663
f 386/390/664 343/433/664 341/434/664
f 386/390/665 341/434/665 384/391/665
f 384/391/666 341/434/666 339/435/666
f 384/391/666 339/435/666 382/392/666
f 382/392/667 339/435/667 337/436/667
f 382/392/668 337/436/668 380/393/668
f 380/393/669 337/436/669 335/437/669
f 380/393/670 335/437/670 378/394/670
f 378/394/671 335/437/671 333/438/671
f 378/394/671 333/438/671 376/395/671
f 376/395/672 333/438/672 332/439/672
f 376/395/672 332/439/672 375/396/672
f 375/396/673 332/439/673 334/440/673
f 375/396/673 334/440/673 377/397/673
f 377/397/674 334/440/674 336/441/674
f 377/397/675 336/441/675 379/398/675
f 379/398/676 336/441/676 338/442/676
f 379/398/677 338/442/677 381/399/677
f 381/399/678 338/442/678 340/443/678
f 381/399/679 340/443/679 383/400/679
f 383/400/680 340/443/680 342/444/680
f 383/400/680 342/444/680 385/401/680
f 385/401/681 342/444/681 344/445/681
f 385/401/682 344/445/682 387/402/682
f 387/402/683 344/445/683 346/446/683
f 387/402/683 346/446/683 389/403/683
f 389/403/684 346/446/684 348/447/684
f 389/403/684 348/447/684 391/404/684
f 391/404/685 348/447/685 350/448/685
f 391/404/686 350/448/686 393/405/686
f 393/405/687 350/448/687 352/449/687
f 393/405/688 352/449/688 395/406/688
f 395/406/689 352/449/689 354/450/689
f 395/406/690 354/450/690 397/407/690
f 397/407/691 354/450/691 356/451/691
f 397/407/692 356/451/692 399/408/692
f 399/408/693 356/451/693 358/452/693
f 399/408/694 358/452/694 401/409/694
f 401/409/695 358/452/695 360/453/695
f 401/409/696 360/453/696 403/410/696
f 403/410/697 360/453/697 362/454/697
f 403/410/698 362/454/698 405/411/698
f 405/411/699 362/454/699 364/455/699
f 405/411/700 364/455/700 407/412/700
f 407/412/701 364/455/701 366/456/701
f 407/412/702 366/456/702 409/413/702
f 409/413/703 366/456/703 368/457/703
f 409/413/703 368/457/703 411/414/703
f 411/414/704 368/457/704 370/458/704
f 411/414/704 370/458/704 413/415/704
f 413/415/705 370/458/705 372/459/705
f 413/415/706 372/459/706 415/416/706
f 415/416/707 372/459/707 374/417/707
f 372/459/708 331/460/708 374/417/708
f 374/417/709 331/460/709 330/461/709
f 374/417/710 330/461/710 373/418/710
f 373/418/711 330/461/711 328/462/711
f 373/418/711 328/462/711 371/419/711
f 371/419/712 328/462/712 326/463/712
f 371/419/713 326/463/713 369/420/713
f 369/420/714 326/463/714 324/464/714
f 369/420/715 324/464/715 367/421/715
f 367/421/716 324/464/716 322/465/716
f 367/421/717 322/465/717 365/422/717
f 365/422/718 322/465/718 320/466/718
f 365/422/719 320/466/719 363/423/719
f 363/423/720 320/466/720 318/467/720
f 363/423/721 318/467/721 361/424/721
f 361/424/722 318/467/722 316/468/722
f 361/424/723 316/468/723 359/425/723
f 359/425/724 316/468/724 314/469/724
f 359/425/725 314/469/725 357/426/725
f 357/426/726 314/469/726 312/470/726
f 357/426/727 312/470/727 355/427/727
f 355/427/728 312/470/728 310/471/728
f 355/427/729 310/471/729 353/428/729
f 353/428/730 310/471/730 308/472/730
f 353/428/731 308/472/731 351/429/731
f 351/429/732 308/472/732 306/473/732
f 351/429/733 306/473/733 349/430/733
f 349/430/734 306/473/734 304/474/734
f 349/430/735 304/474/735 347/431/735
f 347/431/736 304/474/736 302/475/736
f 347/431/737 302/475/737 345/432/737
f 345/432/738 302/475/738 300/476/738
f 345/432/739 300/476/739 343/433/739
f 343/433/740 300/476/740 298/477/740
f 343/433/741 298/477/741 341/434/741
f 341/434/742 298/477/742 296/478/742
f 341/434/743 296/478/743 339/435/743
f 339/435/744 296/478/744 294/479/744
f 339/435/745 294/479/745 337/436/745
f 337/436/746 294/479/746 292/480/746
f 337/436/747 292/480/747 335/437/747
f 335/437/748 292/480/748 290/481/748
f 335/437/749 290/481/749 333/438/749
f 333/438/750 290/481/750 289/482/750
f 333/438/751 289/482/751 332/439/751
f 332/439/752 289/482/752 291/483/752
f 332/439/753 291/483/753 334/440/753
f 334/440/754 291/483/754 293/484/754
f 334/440/755 293/484/755 336/441/755
f 336/441/756 293/484/756 295/485/756
f 336/441/757 295/485/757 338/442/757
f 338/442/758 295/485/758 297/486/758
f 338/442/759 297/486/759 340/443/759
f 340/443/760 297/486/760 299/487/760
f 340/443/761 299/487/761 342/444/761
f 342/444/762 299/487/762 301/488/762
f 342/444/763 301/488/763 344/445/763
f 344/445/764 301/488/764 303/489/764
f 344/445/765 303/489/765 346/446/765
f 346/446/766 303/489/766 305/490/766
f 346/446/766 305/490/766 348/447/766
f 348/447/767 305/490/767 307/491/767
f 348/447/768 307/491/768 350/448/768
f 350/448/769 307/491/769 309/492/769
f 350/448/769 309/492/769 352/449/769
f 352/449/770 309/492/770 311/493/770
f 352/449/770 311/493/770 354/450/770
f 354/450/771 311/493/771 313/494/771
f 354/450/772 313/494/772 356/451/772
f 356/451/773 313/494/773 315/495/773
f 356/451/774 315/495/774 358/452/774
f 358/452/775 315/495/775 317/496/775
f 358/452/776 317/496/776 360/453/776
f 360/453/777 317/496/777 319/497/777
f 360/453/778 319/497/778 362/454/778
f 362/454/779 319/497/779 321/498/779
f 362/454/780 321/498/780 364/455/780
f 364/455/781 321/498/781 323/499/781
f 364/455/782 323/499/782 366/456/782
f 366/456/783 323/499/783 325/500/783
f 366/456/784 325/500/784 368/457/784
f 368/457/785 325/500/785 327/501/785
f 368/457/786 327/501/786 370/458/786
f 370/458/787 327/501/787 329/502/787
f 370/458/788 329/502/788 372/459/788
f 372/459/789 329/502/789 331/460/789
f 329/502/790 288/503/790 331/460/790
f 331/460/791 288/503/791 287/504/791
f 331/460/792 287/504/792 330/461/792
f 330/461/793 287/504/793 285/505/793
f 330/461/794 285/505/794 328/462/794
f 328/462/795 285/505/795 283/506/795
f 328/462/796 283/506/796 326/463/796
f 326/463/797 283/506/797 281/507/797
f 326/463/798 281/507/798 324/464/798
f 324/464/799 281/507/799 279/508/799
f 324/464/800 279/508/800 322/465/800
f 322/465/801 279/508/801 277/509/801
f 322/465/802 277/509/802 320/466/802
f 320/466/803 277/509/803 275/510/803
f 320/466/804 275/510/804 318/467/804
f 318/467/805 275/510/805 273/511/805
f 318/467/806 273/511/806 316/468/806
f 316/468/807 273/511/807 271/512/807
f 316/468/808 271/512/808 314/469/808
f 314/469/809 271/512/809 269/513/809
f 314/469/810 269/513/810 312/470/810
f 312/470/811 269/513/811 267/514/811
f 312/470/812 267/514/812 310/471/812
f 310/471/813 267/514/813 265/515/813
f 310/471/813 265/515/813 308/472/813
f 308/472/814 265/515/814 263/516/814
f 308/472/815 263/516/815 306/473/815
f 306/473/816 263/516/816 261/517/816
f 306/473/817 261/517/817 304/474/817
f 304/474/818 261/517/818 259/518/818
f 304/474/819 259/518/819 302/475/819
f 302/475/820 259/518/820 257/519/820
f 302/475/820 257/519/820 300/476/820
f 300/476/821 257/519/821 255/520/821
f 300/476/822 255/520/822 298/477/822
f 298/477/823 255/520/823 253/521/823
f 298/477/824 253/521/824 296/478/824
f 296/478/825 253/521/825 251/522/825
f 296/478/826 251/522/826 294/479/826
f 294/479/827 251/522/827 249/523/827
f 294/479/828 249/523/828 292/480/828
f 292/480/829 249/523/829 247/524/829
f 292/480/830 247/524/830 290/481/830
f 290/481/831 247/524/831 246/525/831
f 290/481/832 246/525/832 289/482/832
f 289/482/833 246/525/833 248/526/833
f 289/482/833 248/526/833 291/483/833
f 291/483/834 248/526/834 250/527/834
f 291/483/835 250/527/835 293/484/835
f 293/484/836 250/527/836 252/528/836
f 293/484/837 252/528/837 295/485/837
f 295/485/838 252/528/838 254/529/838
f 295/485/839 254/529/839 297/486/839
f 297/486/840 254/529/840 256/530/840
f 297/486/841 256/530/841 299/487/841
f 299/487/842 256/530/842 258/531/842
f 299/487/843 258/531/843 301/488/843
f 301/488/844 258/531/844 260/532/844
f 301/488/845 260/532/845 303/489/845
f 303/489/846 260/532/846 262/533/846
f 303/489/847 262/533/847 305/490/847
f 305/490/848 262/533/848 264/534/848
f 305/490/849 264/534/849 307/491/849
f 307/491/850 264/534/850 266/535/850
f 307/491/851 266/535/851 309/492/851
f 309/492/852 266/535/852 268/536/852
f 309/492/853 268/536/853 311/493/853
f 311/493/854 268/536/854 270/537/854
f 311/493/855 270/537/855 313/494/855
f 313/494/856 270/537/856 272/538/856
f 313/494/857 272/538/857 315/495/857
f 315/495/858 272/538/858 274/539/858
f 315/495/859 274/539/859 317/496/859
f 317/496/860 274/539/860 276/540/860
f 317/496/861 276/540/861 319/497/861
f 319/497/862 276/540/862 278/541/862
f 319/497/863 278/541/863 321/498/863
f 321/498/864 278/541/864 280/542/864
f 321/498/865 280/542/865 323/499/865
f 323/499/866 280/542/866 282/543/866
f 323/499/867 282/543/867 325/500/867
f 325/500/868 282/543/868 284/544/868
f 325/500/869 284/544/869 327/501/869
f 327/501/870 284/544/870 286/545/870
f 327/501/871 286/545/871 329/502/871
f 329/502/872 286/545/872 288/503/872
f 286/545/873 245/546/873 288/503/873
f 288/503/874 245/546/874 244/547/874
f 288/503/875 244/547/875 287/504/875
f 287/504/876 244/547/876 242/548/876
f 287/504/877 242/548/877 285/505/877
f 285/505/878 242/548/878 240/549/878
f 285/505/879 240/549/879 283/506/879
f 283/506/880 240/549/880 238/550/880
f 283/506/881 238/550/881 281/507/881
f 281/507/882 238/550/882 236/551/882
f 281/507/883 236/551/883 279/508/883
f 279/508/884 236/551/884 234/552/884
f 279/508/885 234/552/885 277/509/885
f 277/509/886 234/552/886 232/553/886
f 277/509/887 232/553/887 275/510/887
f 275/510/888 232/553/888 230/554/888
f 275/510/889 230/554/889 273/511/889
f 273/511/890 230/554/890 228/555/890
f 273/511/891 228/555/891 271/512/891
f 271/512/892 228/555/892 226/556/892
f 271/512/893 226/556/893 269/513/893
f 269/513/894 226/556/894 224/557/894
f 269/513/895 224/557/895 267/514/895
f 267/514/896 224/557/896 222/558/896
f 267/514/897 222/558/897 265/515/897
f 265/515/898 222/558/898 220/559/898
f 265/515/899 220/559/899 263/516/899
f 263/516/900 220/559/900 218/560/900
f 263/516/901 218/560/901 261/517/901
f 261/517/902 218/560/902 216/561/902
f 261/517/903 216/561/903 259/518/903
f 259/518/904 216/561/904 214/562/904
f 259/518/905 214/562/905 257/519/905
f 257/519/906 214/562/906 212/563/906
f 257/519/907 212/563/907 255/520/907
f 255/520/908 212/563/908 210/564/908
f 255/520/909 210/564/909 253/521/909
f 253/521/910 210/564/910 208/565/910
f 253/521/911 208/565/911 251/522/911
f 251/522/912 208/565/912 206/566/912
f 251/522/913 206/566/913 249/523/913
f 249/523/914 206/566/914 204/567/914
f 249/523/915 204/567/915 247/524/915
f 247/524/916 204/567/916 203/568/916
f 247/524/917 203/568/917 246/525/917
f 246/525/918 203/568/918 205/569/918
f 246/525/919 205/569/919 248/526/919
f 248/526/920 205/569/920 207/570/920
f 248/526/921 207/570/921 250/527/921
f 250/527/922 207/570/922 209/571/922
f 250/527/923 209/571/923 252/528/923
f 252/528/924 209/571/924 211/572/924
f 252/528/925 211/572/925 254/529/925
f 254/529/926 211/572/926 213/573/926
f 254/529/927 213/573/927 256/530/927
f 256/530/928 213/573/928 215/574/928
f 256/530/929 215/574/929 258/531/929
f 258/531/930 215/574/930 217/575/930
f 258/531/931 217/575/931 260/532/931
f 260/532/932 217/575/932 219/576/932
f 260/532/933 219/576/933 262/533/933
f 262/533/934 219/576/934 221/577/934
f 262/533/935 221/577/935 264/534/935
f 264/534/936 221/577/936 223/578/936
f 264/534/937 223/578/937 266/535/937
f 266/535/938 223/578/938 225/579/938
f 266/535/939 225/579/939 268/536/939
f 268/536/940 225/579/940 227/580/940
f 268/536/941 227/580/941 270/537/941
f 270/537/942 227/580/942 229/581/942
f 270/537/943 229/581/943 272/538/943
f 272/538/944 229/581/944 231/582/944
f 272/538/945 231/582/945 274/539/945
f 274/539/946 231/582/946 233/583/946
f 274/539/947 233/583/947 276/540/947
f 276/540/948 233/583/948 235/584/948
f 276/540/949 235/584/949 278/541/949
f 278/541/950 235/584/950 237/585/950
f 278/541/951 237/585/951 280/542/951
f 280/542/952 237/585/952 239/586/952
f 280/542/953 239/586/953 282/543/953
f 282/543/954 239/586/954 241/587/954
f 282/543/955 241/587/955 284/544/955
f 284/544/956 241/587/956 243/588/956
f 284/544/957 243/588/957 286/545/957
f 286/545/958 243/588/958 245/546/958
f 243/588/959 202/589/959 245/546/959
f 245/546/960 202/589/960 201/590/960
f 245/546/961 201/590/961 244/547/961
f 244/547/962 201/590/962 199/591/962
f 244/547/963 199/591/963 242/548/963
f 242/548/964 199/591/964 197/592/964
f 242/548/965 197/592/965 240/549/965
f 240/549/966 197/592/966 195/593/966
f 240/549/967 195/593/967 238/550/967
f 238/550/968 195/593/968 193/594/968
f 238/550/969 193/594/969 236/551/969
f 236/551/970 193/594/970 191/595/970
f 236/551/971 191/595/971 234/552/971
f 234/552/972 191/595/972 189/596/972
f 234/552/973 189/596/973 232/553/973
f 232/553/974 189/596/974 187/597/974
f 232/553/975 187/597/975 230/554/975
f 230/554/976 187/597/976 185/598/976
f 230/554/977 185/598/977 228/555/977
f 228/555/978 185/598/978 183/599/978
f 228/555/979 183/599/979 226/556/979
f 226/556/980 183/599/980 181/600/980
f 226/556/981 181/600/981 224/557/981
f 224/557/982 181/600/982 179/601/982
f 224/557/983 179/601/983 222/558/983
f 222/558/984 179/601/984 177/602/984
f 222/558/985 177/602/985 220/559/985
f 220/559/986 177/602/986 175/603/986
f 220/559/987 175/603/987 218/560/987
f 218/560/988 175/603/988 173/604/988
f 218/560/989 173/604/989 216/561/989
f 216/561/990 173/604/990 171/605/990
f 216/561/991 171/605/991 214/562/991
f 214/562/992 171/605/992 169/606/992
f 214/562/993 169/606/993 212/563/993
f 212/563/994 169/606/994 167/607/994
f 212/563/995 167/607/995 210/564/995
f 210/564/996 167/607/996 165/608/996
f 210/564/997 165/608/997 208/565/997
f 208/565/998 165/608/998 163/609/998
f 208/565/999 163/609/999 206/566/999
f 206/566/1000 163/609/1000 161/610/1000
f 206/566/1001 161/610/1001 204/567/1001
f 204/567/1002 161/610/1002 160/611/1002
f 204/567/1003 160/611/1003 203/568/1003
f 203/568/1004 160/611/1004 162/612/1004
f 203/568/1005 162/612/1005 205/569/1005
f 205/569/1006 162/612/1006 164/613/1006
f 205/569/1007 164/613/1007 207/570/1007
f 207/570/1008 164/613/1008 166/614/1008
f 207/570/1009 166/614/1009 209/571/1009
f 209/571/1010 166/614/1010 168/615/1010
f 209/571/1011 168/615/1011 211/572/1011
f 211/572/1012 168/615/1012 170/616/1012
f 211/572/1013 170/616/1013 213/573/1013
f 213/573/1014 170/616/1014 172/617/1014
f 213/573/1015 172/617/1015 215/574/1015
f 215/574/1016 172/617/1016 174/618/1016
f 215/574/1017 174/618/1017 217/575/1017
f 217/575/1018 174/618/1018 176/619/1018
f 217/575/1019 176/619/1019 219/576/1019
f 219/576/1020 176/619/1020 178/620/1020
f 219/576/1021 178/620/1021 221/577/1021
f 221/577/1022 178/620/1022 180/621/1022
f 221/577/1023 180/621/1023 223/578/1023
f 223/578/1024 180/621/1024 182/622/1024
f 223/578/1025 182/622/1025 225/579/1025
f 225/579/1026 182/622/1026 184/623/1026
f 225/579/1027 184/623/1027 227/580/1027
f 227/580/1028 184/623/1028 186/624/1028
f 227/580/1029 186/624/1029 229/581/1029
f 229/581/1030 186/624/1030 188/625/1030
f 229/581/1031 188/625/1031 231/582/1031
f 231/582/1032 188/625/1032 190/626/1032
f 231/582/1033 190/626/1033 233/583/1033
f 233/583/1034 190/626/1034 192/627/1034
f 233/583/1035 192/627/1035 235/584/1035
f 235/584/1036 192/627/1036 194/628/1036
f 235/584/1037 194/628/1037 237/585/1037
f 237/585/1038 194/628/1038 196/629/1038
f 237/585/1039 196/629/1039 239/586/1039
f 239/586/1040 196/629/1040 198/630/1040
f 239/586/1041 198/630/1041 241/587/1041
f 241/587/1042 198/630/1042 200/631/1042
f 241/587/1043 200/631/1043 243/588/1043
f 243/588/1044 200/631/1044 202/589/1044
f 200/631/1045 159/632/1045 202/589/1045
f 202/589/1046 159/632/1046 158/633/1046
f 202/589/1047 158/633/1047 201/590/1047
f 201/590/1048 158/633/1048 156/634/1048
f 201/590/1049 156/634/1049 199/591/1049
f 199/591/1050 156/634/1050 154/635/1050
f 199/591/1051 154/635/1051 197/592/1051
f 197/592/1052 154/635/1052 152/636/1052
f 197/592/1053 152/636/1053 195/593/1053
f 195/593/1054 152/636/1054 150/637/1054
f 195/593/1055 150/637/1055 193/594/1055
f 193/594/1056 150/637/1056 148/638/1056
f 193/594/1057 148/638/1057 191/595/1057
f 191/595/1058 148/638/1058 146/639/1058
f 191/595/1059 146/639/1059 189/596/1059
f 189/596/1060 146/639/1060 144/640/1060
f 189/596/1061 144/640/1061 187/597/1061
f 187/597/1062 144/640/1062 142/641/1062
f 187/597/1063 142/641/1063 185/598/1063
f 185/598/1064 142/641/1064 140/642/1064
f 185/598/1065 140/642/1065 183/599/1065
f 183/599/1066 140/642/1066 138/643/1066
f 183/599/1067 138/643/1067 181/600/1067
f 181/600/1068 138/643/1068 136/644/1068
f 181/600/1069 136/644/1069 179/601/1069
f 179/601/1070 136/644/1070 134/645/1070
f 179/601/1071 134/645/1071 177/602/1071
f 177/602/1072 134/645/1072 132/646/1072
f 177/602/1073 132/646/1073 175/603/1073
f 175/603/1074 132/646/1074 130/647/1074
f 175/603/1075 130/647/1075 173/604/1075
f 173/604/1076 130/647/1076 128/648/1076
f 173/604/1077 128/648/1077 171/605/1077
f 171/605/1078 128/648/1078 126/649/1078
f 171/605/1079 126/649/1079 169/606/1079
f 169/606/1080 126/649/1080 124/650/1080
f 169/606/1081 124/650/1081 167/607/1081
f 167/607/1082 124/650/1082 122/651/1082
f 167/607/1083 122/651/1083 165/608/1083
f 165/608/1084 122/651/1084 120/652/1084
f 165/608/1085 120/652/1085 163/609/1085
f 163/609/1086 120/652/1086 118/653/1086
f 163/609/1087 118/653/1087 161/610/1087
f 161/610/1088 118/653/1088 117/654/1088
f 161/610/1089 117/654/1089 160/611/1089
f 160/611/1090 117/654/1090 119/655/1090
f 160/611/1091 119/655/1091 162/612/1091
f 162/612/1092 119/655/1092 121/656/1092
f 162/612/1093 121/656/1093 164/613/1093
f 164/613/1094 121/656/1094 123/657/1094
f 164/613/1095 123/657/1095 166/614/1095
f 166/614/1096 123/657/1096 125/658/1096
f 166/614/1097 125/658/1097 168/615/1097
f 168/615/1098 125/658/1098 127/659/1098
f 168/615/1099 127/659/1099 170/616/1099
f 170/616/1100 127/659/1100 129/660/1100
f 170/616/1101 129/660/1101 172/617/1101
f 172/617/1102 129/660/1102 131/661/1102
f 172/617/1103 131/661/1103 174/618/1103
f 174/618/1104 131/661/1104 133/662/1104
f 174/618/1105 133/662/1105 176/619/1105
f 176/619/1106 133/662/1106 135/663/1106
f 176/619/1107 135/663/1107 178/620/1107
f 178/620/1108 135/663/1108 137/664/1108
f 178/620/1109 137/664/1109 180/621/1109
f 180/621/1110 137/664/1110 139/665/1110
f 180/621/1111 139/665/1111 182/622/1111
f 182/622/1112 139/665/1112 141/666/1112
f 182/622/1113 141/666/1113 184/623/1113
f 184/623/1114 141/666/1114 143/667/1114
f 184/623/1115 143/667/1115 186/624/1115
f 186/624/1116 143/667/1116 145/668/1116
f 186/624/1117 145/668/1117 188/625/1117
f 188/625/1118 145/668/1118 147/669/1118
f 188/625/1119 147/669/1119 190/626/1119
f 190/626/1120 147/669/1120 149/670/1120
f 190/626/1121 149/670/1121 192/627/1121
f 192/627/1122 149/670/1122 151/671/1122
f 192/627/1123 151/671/1123 194/628/1123
f 194/628/1124 151/671/1124 153/672/1124
f 194/628/1125 153/672/1125 196/629/1125
f 196/629/1126 153/672/1126 155/673/1126
f 196/629/1127 155/673/1127 198/630/1127
f 198/630/1128 155/673/1128 157/674/1128
f 198/630/1129 157/674/1129 200/631/1129
f 200/631/1130 157/674/1130 159/632/1130
f 157/674/1131 116/223/1131 159/632/1131
f 159/632/1132 116/223/1132 115/221/1132
f 159/632/1133 115/221/1133 158/633/1133
f 158/633/1134 115/221/1134 113/219/1134
f 158/633/1135 113/219/1135 156/634/1135
f 156/634/1136 113/219/1136 111/217/1136
f 156/634/1137 111/217/1137 154/635/1137
f 154/635/1138 111/217/1138 109/215/1138
f 154/635/1139 109/215/1139 152/636/1139
f 152/636/1140 109/215/1140 107/213/1140
f 152/636/1141 107/213/1141 150/637/1141
f 150/637/1142 107/213/1142 105/211/1142
f 150/637/1142 105/211/1142 148/638/1142
f 148/638/1143 105/211/1143 103/209/1143
f 148/638/1144 103/209/1144 146/639/1144
f 146/639/1145 103/209/1145 101/207/1145
f 146/639/1146 101/207/1146 144/640/1146
f 144/640/1147 101/207/1147 99/205/1147
f 144/640/1148 99/205/1148 142/641/1148
f 142/641/1149 99/205/1149 97/203/1149
f 142/641/1150 97/203/1150 140/642/1150
f 140/642/1151 97/203/1151 95/201/1151
f 140/642/1152 95/201/1152 138/643/1152
f 138/643/1153 95/201/1153 93/199/1153
f 138/643/1154 93/199/1154 136/644/1154
f 136/644/1155 93/199/1155 91/197/1155
f 136/644/1156 91/197/1156 134/645/1156
f 134/645/1157 91/197/1157 89/195/1157
f 134/645/1158 89/195/1158 132/646/1158
f 132/646/1159 89/195/1159 87/193/1159
f 132/646/1160 87/193/1160 130/647/1160
f 130/647/1161 87/193/1161 85/191/1161
f 130/647/1162 85/191/1162 128/648/1162
f 128/648/1163 85/191/1163 83/189/1163
f 128/648/1164 83/189/1164 126/649/1164
f 126/649/1165 83/189/1165 81/187/1165
f 126/649/1166 81/187/1166 124/650/1166
f 124/650/1167 81/187/1167 79/185/1167
f 124/650/1168 79/185/1168 122/651/1168
f 122/651/1169 79/185/1169 77/183/1169
f 122/651/1170 77/183/1170 120/652/1170
f 120/652/1171 77/183/1171 75/181/1171
f 120/652/1172 75/181/1172 118/653/1172
f 118/653/1173 75/181/1173 74/179/1173
f 118/653/1174 74/179/1174 117/654/1174
f 117/654/1175 74/179/1175 76/282/1175
f 117/654/1176 76/282/1176 119/655/1176
f 119/655/1177 76/282/1177 78/280/1177
f 119/655/1178 78/280/1178 121/656/1178
f 121/656/1179 78/280/1179 80/277/1179
f 121/656/1180 80/277/1180 123/657/1180
f 123/657/1181 80/277/1181 82/272/1181
f 123/657/1182 82/272/1182 125/658/1182
f 125/658/1183 82/272/1183 84/270/1183
f 125/658/1184 84/270/1184 127/659/1184
f 127/659/1185 84/270/1185 86/267/1185
f 127/659/1186 86/267/1186 129/660/1186
f 129/660/1187 86/267/1187 88/262/1187
f 129/660/1188 88/262/1188 131/661/1188
f 131/661/1189 88/262/1189 90/261/1189
f 131/661/1190 90/261/1190 133/662/1190
f 133/662/1191 90/261/1191 92/253/1191
f 133/662/1192 92/253/1192 135/663/1192
f 135/663/1193 92/253/1193 94/258/1193
f 135/663/1194 94/258/1194 137/664/1194
f 137/664/1195 94/258/1195 96/255/1195
f 137/664/1196 96/255/1196 139/665/1196
f 139/665/1197 96/255/1197 98/248/1197
f 139/665/1198 98/248/1198 141/666/1198
f 141/666/1199 98/248/1199 100/247/1199
f 141/666/1200 100/247/1200 143/667/1200
f 143/667/1201 100/247/1201 102/245/1201
f 143/667/1202 102/245/1202 145/668/1202
f 145/668/1203 102/245/1203 104/240/1203
f 145/668/1204 104/240/1204 147/669/1204
f 147/669/1205 104/240/1205 106/238/1205
f 147/669/1206 106/238/1206 149/670/1206
f 149/670/1207 106/238/1207 108/235/1207
f 149/670/1208 108/235/1208 151/671/1208
f 151/671/1209 108/235/1209 110/230/1209
f 151/671/1210 110/230/1210 153/672/1210
f 153/672/1211 110/230/1211 112/228/1211
f 153/672/1212 112/228/1212 155/673/1212
f 155/673/1213 112/228/1213 114/225/1213
f 155/673/1214 114/225/1214 157/674/1214
f 157/674/1215 114/225/1215 116/223/1215
f 51/244/376 49/246/376 43/206/376
f 32/260/376 30/247/376 43/206/376
f 43/206/376 30/247/376 29/265/376
f 43/206/376 29/265/376 27/264/376
f 27/264/376 26/263/376 43/206/376
f 43/206/376 26/263/376 25/266/376
f 43/206/376 25/266/376 23/268/376
f 15/276/376 13/278/376 43/206/376
f 55/243/376 54/242/376 43/206/376
f 43/206/376 54/242/376 52/241/376
f 43/206/376 52/241/376 51/244/376
f 49/246/376 48/252/376 43/206/376
f 43/206/376 48/252/376 46/251/376
f 43/206/377 46/251/377 45/250/377
f 41/256/376 39/254/376 43/206/376
f 43/206/376 39/254/376 38/253/376
f 43/206/376 38/253/376 36/253/376
f 73/180/376 72/223/376 43/206/376
f 43/206/376 72/223/376 71/224/376
f 43/206/376 71/224/376 69/226/376
f 61/234/376 59/236/376 43/206/376
f 45/250/376 44/249/376 43/206/376
f 43/206/376 44/249/376 42/257/376
f 43/206/376 42/257/376 41/256/376
f 36/253/376 35/248/376 43/206/376
f 43/206/376 35/248/376 33/259/376
f 43/206/376 33/259/376 32/260/376
f 13/278/376 12/279/376 43/206/376
f 43/206/376 12/279/376 10/281/376
f 43/206/377 10/281/377 9/284/377
f 5/286/376 3/285/376 43/206/376
f 43/206/376 3/285/376 2/178/376
f 59/236/376 58/237/376 43/206/376
f 43/206/376 58/237/376 56/239/376
f 43/206/377 56/239/377 55/243/377
f 23/268/376 22/269/376 43/206/376
f 43/206/376 22/269/376 20/271/376
f 43/206/376 20/271/376 19/275/376
f 9/284/376 8/283/376 43/206/376
f 43/206/376 8/283/376 6/287/376
f 43/206/376 6/287/376 5/286/376
f 69/226/376 68/227/376 43/206/376
f 43/206/376 68/227/376 66/229/376
f 43/206/376 66/229/376 65/233/376
f 19/275/376 17/274/376 43/206/376
f 43/206/377 17/274/377 16/273/377
f 43/206/376 16/273/376 15/276/376
f 65/233/376 63/232/376 43/206/376
f 43/206/376 63/232/376 62/231/376
f 43/206/376 62/231/376 61/234/376
f 28/196/376 31/198/376 4/182/376
f 4/182/376 31/198/376 34/200/376
f 4/182/376 34/200/376 37/202/376
f 2/178/376 1/180/376 43/206/376
f 43/206/376 1/180/376 4/182/376
f 43/206/376 4/182/376 40/204/376
f 40/204/376 4/182/376 37/202/376
f 57/214/376 60/216/376 64/218/376
f 11/186/376 14/188/376 24/194/376
f 24/194/376 14/188/376 18/190/376
f 24/194/376 18/190/376 21/192/376
f 73/180/376 43/206/376 70/222/376
f 70/222/376 43/206/376 47/208/376
f 70/222/376 47/208/376 50/210/376
f 50/210/376 53/212/376 70/222/376
f 70/222/376 53/212/376 57/214/376
f 70/222/376 57/214/376 67/220/376
f 67/220/376 57/214/376 64/218/376
f 28/196/376 4/182/376 24/194/376
f 24/194/376 4/182/376 7/184/376
f 24/194/376 7/184/376 11/186/376
